topic	row	note	audio	russian	ossetian
40. Утро	1	групповая привязка осетинских клипов — сверить на слух	sound/0001.mp3	Мы начинаем работать утром	Мах кусын райдайӕм райсомӕй
40. Утро	2	групповая привязка осетинских клипов — сверить на слух	sound/0002.mp3	Я приду утром	Ӕз ӕрцӕу дзынӕн райсомӕй
40. Утро	3	групповая привязка осетинских клипов — сверить на слух	sound/0003.mp3	Мы придем утром	Мах ӕрцӕудзыстӕм райсомӕй
40. Утро	4	групповая привязка осетинских клипов — сверить на слух	sound/0004.mp3	в 7 часов.	авд сахатыл.
40. Утро	5	групповая привязка осетинских клипов — сверить на слух	sound/0005.mp3	в 9 часов.	фараст сахатыл.
40. Утро	6	групповая привязка осетинских клипов — сверить на слух	sound/0006.mp3	Жди меня утром.	Ӕнхъӕлмӕ мӕм кӕс райсомӕй.
40. Утро	7	групповая привязка осетинских клипов — сверить на слух	sound/0007.mp3	Ждите нас утром.	Ӕнхъӕлмӕ нӕм кӕсут райсомӕй.
40. Утро	9	групповая привязка осетинских клипов — сверить на слух	sound/0009.mp3	Ты зайди за мной утром, буду ждать.	Райсомӕй-иу мӕм ӕрбацу, ӕнхъӕлмӕ дӕм кӕсдзынӕн.
41. Полдень	1	варианты в исходном PDF — сверить по Whisper/на слух; групповая привязка осетинских клипов — сверить на слух	sound/0001.mp3	Сегодня в полдень мы пойдем купаться.	Абон сихорыл мах цӕудзыстӕм нӕхи найынмӕ.
41. Полдень	2	варианты в исходном PDF — сверить по Whisper/на слух; групповая привязка осетинских клипов — сверить на слух	sound/0002.mp3	Сегодня в обед ты дома будешь?	Абон сихорыл уӕхимӕ уыдзынӕ?
42. Вечер	1	варианты в исходном PDF — сверить по Whisper/на слух	sound/0001.mp3	Где ты будешь вечером?	Кӕм уыдзынӕ изӕрӕй?
42. Вечер	2	варианты в исходном PDF — сверить по Whisper/на слух	sound/0002.mp3	Я вечером буду дома.	Ӕз изӕрӕй нӕхимӕ уыдзынӕн.
42. Вечер	3	групповая привязка осетинских клипов — сверить на слух	sound/0003.mp3	Приходи к нам вечером.	Изӕры-ма-иу нӕм ӕрбацу.
42. Вечер	4	групповая привязка осетинских клипов — сверить на слух	sound/0004.mp3	Приходите к нам вечером.	Изӕры-ма-иу нӕм ӕрбацӕут.
42. Вечер	5	групповая привязка осетинских клипов — сверить на слух	sound/0005.mp3	Вечером я тебя буду ждать.	Изӕры дӕм ӕнхъӕлмӕ кӕсдзынӕн.
42. Вечер	6	групповая привязка осетинских клипов — сверить на слух	sound/0006.mp3	Вечером я вас буду ждать.	Изӕры уӕм ӕнхъӕлмӕ кӕсдзынӕн.
43. Ночь	1	групповая привязка осетинских клипов — сверить на слух	sound/0002.mp3	Ночью в горах холодно.	Ӕхсӕв хӕхты уазал вӕййы.
43. Ночь	2	групповая привязка осетинских клипов — сверить на слух	sound/0003.mp3	Я обратно вернусь ночью.	Ӕз фӕстӕмӕ ӕрыздӕхдзынӕн ӕхсӕвы.
43. Ночь	3	групповая привязка осетинских клипов — сверить на слух	sound/0005.mp3	Какая темная ночь!	Куыд талынг ӕхсӕв у!
43. Ночь	4	групповая привязка осетинских клипов — сверить на слух	sound/0006.mp3	Какая прекрасная лунная ночь!	Куыд диссаджы мӕйрухс ӕхсӕв у!
43. Ночь	5	групповая привязка осетинских клипов — сверить на слух	sound/0007.mp3	Как тебе кажется, ночью будет дождь?	Куыд дӕм кӕсы, ахсӕв уардзӕн?
44. Времена года	1	групповая привязка осетинских клипов — сверить на слух	sound/0001.mp3	44. ВРЕМЕНА	ГОДА
44. Времена года	2	варианты в исходном PDF — сверить по Whisper/на слух; групповая привязка осетинских клипов — сверить на слух	sound/0002.mp3	Из времен года мне больше всего нравится зима.	Афӕдзы афонтӕй мӕ зӕрдӕмӕ тынгдӕр цӕуы зымӕг.
44. Времена года	3	групповая привязка осетинских клипов — сверить на слух	sound/0003.mp3	У вас зима бывает холодная?	Уазал зымӕг уӕм вӕййы?
44. Времена года	6	групповая привязка осетинских клипов — сверить на слух	sound/0007.mp3	Сейчас ранняя весна.	Ныртӕккӕ у рагуалдзӕг.
44. Времена года	7	групповая привязка осетинских клипов — сверить на слух	sound/0008.mp3	Как красиво весеннее утро в горах!	Цы рӕсугъд у уалдзыгон райсом хӕхты!
44. Времена года	8	групповая привязка осетинских клипов — сверить на слух	sound/0009.mp3	Лето у вас дождливое?	Сӕрд уӕм уарынджын вӕййы?
44. Времена года	9	групповая привязка осетинских клипов — сверить на слух	sound/0010.mp3	Дожди чаще выпадают в предгорьях.	Уарынтӕ арӕхдӕр вӕййы хӕхрӕбынты.
44. Времена года	11	групповая привязка осетинских клипов — сверить на слух	sound/0012.mp3	Полезно провести лето в горах.	Пайдау сӕрд хӕхты арвитын.
44. Времена года	12	групповая привязка осетинских клипов — сверить на слух	sound/0013.mp3	Горный воздух — бальзам для человека.	Хӕххон уӕлдӕф адӕймагӕн ӕвдадзы хос у.
44. Времена года	14	групповая привязка осетинских клипов — сверить на слух	sound/0015.mp3	Как я не люблю осенние моросящие дожди.	Куыд нӕ уарзын фӕззыгон сӕлфынӕг къӕвдатӕ.
45. Год	3	варианты в исходном PDF — сверить по Whisper/на слух; групповая привязка осетинских клипов — сверить на слух	sound/0003.mp3	На будущий год мой сын пойдет в школу.	Иннӕ аз мӕ фырт бацӕудзӕн скъоламӕ.
45. Год	4	групповая привязка осетинских клипов — сверить на слух	sound/0004.mp3	Нынешний год урожайный.	Ацы аз тыллӕгджын аз у.
45. Год	7	групповая привязка осетинских клипов — сверить на слух	sound/0007.mp3	До нашей эры.	Мах эрӕйы размӕ.
46. Дни недели	1	групповая привязка осетинских клипов — сверить на слух	sound/0001.mp3	46. Дни	недели
46. Дни недели	2	групповая привязка осетинских клипов — сверить на слух	sound/0004.mp3	понедельник.	къуырисӕр.
46. Дни недели	3	варианты в исходном PDF — сверить по Whisper/на слух; групповая привязка осетинских клипов — сверить на слух	sound/0012.mp3	Через неделю мы уезжаем.	Къуырийы фӕстӕ мах цӕугӕ кӕнӕм.
47. Час	2	групповая привязка осетинских клипов — сверить на слух	sound/0003.mp3	Сейчас…	Ныртӕккӕ у…
47. Час	5	групповая привязка осетинских клипов — сверить на слух	sound/0018.mp3	в три часа ночи.	ӕхсӕвы ӕртӕ сахатыл.
47. Час	8	групповая привязка осетинских клипов — сверить на слух	sound/0021.mp3	Подожди меня пятнадцать минут.	Фынддӕс минуты мӕм банхъӕлмӕ кӕс.
47. Час	9	групповая привязка осетинских клипов — сверить на слух	sound/0022.mp3	Подожди меня полчаса.	Сахаты ʼрдӕг мӕм банхъӕлмӕ кӕс.
47. Час	10	варианты в исходном PDF — сверить по Whisper/на слух; групповая привязка осетинских клипов — сверить на слух	sound/0023.mp3	У меня уже нет времени.	Мӕнӕн рӕстӕг нал ис.
48. Месяцы	1	варианты в исходном PDF — сверить по Whisper/на слух; групповая привязка осетинских клипов — сверить на слух	sound/0001.mp3	Приближается январь.	Ӕрбахӕццӕ кӕны январь.
48. Месяцы	2	групповая привязка осетинских клипов — сверить на слух	sound/0002.mp3	Это будет через месяц.	Уый уыдзӕн мӕйы фӕстӕ.
48. Месяцы	3	групповая привязка осетинских клипов — сверить на слух	sound/0003.mp3	Отпуск у меня будет через полтора месяца.	Мӕ отпуск уыдзӕни мӕй ӕмӕ ӕрджӕджы фӕстӕ.
48. Месяцы	4	групповая привязка осетинских клипов — сверить на слух	sound/0004.mp3	Когда у вас начинают...	Кӕд уӕм райдайынц…
48. Месяцы	5	групповая привязка осетинских клипов — сверить на слух	sound/0009.mp3	Когда у вас поспевает…	Кӕд уӕм сцӕттӕ вӕййы…
48. Месяцы	6	групповая привязка осетинских клипов — сверить на слух	sound/0011.mp3	пшеница?	мӕнӕу?
48. Месяцы	7	групповая привязка осетинских клипов — сверить на слух	sound/0016.mp3	в Турцию.	Тур кмӕ.
48. Месяцы	9	групповая привязка осетинских клипов — сверить на слух	sound/0018.mp3	Какое сегодня число?	Абон цалӕм у?
49. Погода	1	групповая привязка осетинских клипов — сверить на слух	sound/0001.mp3	Какая сегодня погода?	Абон цавӕр рӕстӕг у?
49. Погода	2	групповая привязка осетинских клипов — сверить на слух	sound/0002.mp3	Сегодня хорошая погода.	Абон хорз бон скодта.
49. Погода	3	групповая привязка осетинских клипов — сверить на слух	sound/0003.mp3	Сегодня плохая погода.	Абон ӕвзӕр бон скодта.
49. Погода	4	групповая привязка осетинских клипов — сверить на слух	sound/0006.mp3	холодно.	уазал бон у.
49. Погода	5	групповая привязка осетинских клипов — сверить на слух	sound/0009.mp3	туман.	мигъ бон у.
49. Погода	6	групповая привязка осетинских клипов — сверить на слух	sound/0010.mp3	ветер.	дымгӕ бон у.
49. Погода	8	групповая привязка осетинских клипов — сверить на слух	sound/0012.mp3	Какая завтра будет погода?	Цавӕр рӕстӕг уыдзӕн райсом?
49. Погода	9	групповая привязка осетинских клипов — сверить на слух	sound/0013.mp3	Завтра будет…	Райсом уыдзӕни…
49. Погода	10	варианты в исходном PDF — сверить по Whisper/на слух; групповая привязка осетинских клипов — сверить на слух	sound/0015.mp3	снег.	мит.
49. Погода	11	варианты в исходном PDF — сверить по Whisper/на слух; групповая привязка осетинских клипов — сверить на слух	sound/0016.mp3	двадцать восемь градусов тепла.	дыууын аст градусы хъарм.
49. Погода	13	варианты в исходном PDF — сверить по Whisper/на слух; групповая привязка осетинских клипов — сверить на слух	sound/0018.mp3	Погода в горах изменчива.	Рӕстӕг хӕхты иваг у.
50. Ч. 1. В городе, селе	1	групповая привязка осетинских клипов — сверить на слух	sound/0001.mp3	Я первый раз в вашем городе.	Ӕз фыццаг хатт дӕн сымах горӕты.
50. Ч. 1. В городе, селе	2	групповая привязка осетинских клипов — сверить на слух	sound/0002.mp3	Мы первый раз в вашем селе.	Мах фыццаг хатт стӕм сымах хъӕуы.
50. Ч. 1. В городе, селе	3	групповая привязка осетинских клипов — сверить на слух	sound/0003.mp3	Мне очень понравился ваш город.	Мӕ зӕрдӕмӕ тынг фӕцыди уӕ горӕт.
50. Ч. 1. В городе, селе	4	варианты в исходном PDF — сверить по Whisper/на слух; групповая привязка осетинских клипов — сверить на слух	sound/0005.mp3	Что можно посмотреть в вашем городе?	Цы фенӕн ис уӕ горӕты.
50. Ч. 1. В городе, селе	5	групповая привязка осетинских клипов — сверить на слух	sound/0006.mp3	Где здесь	Кӕм ис ам
50. Ч. 1. В городе, селе	6	групповая привязка осетинских клипов — сверить на слух	sound/0011.mp3	вокзал?	вокзал?
50. Ч. 1. В городе, селе	7	групповая привязка осетинских клипов — сверить на слух	sound/0012.mp3	почта?	почтӕ?
50. Ч. 1. В городе, селе	8	групповая привязка осетинских клипов — сверить на слух	sound/0013.mp3	Поезжай, пожалуйста, быстрей!	Дӕ хорзӕхӕй, тагъддӕр цу!
50. Ч. 1. В городе, селе	9	варианты в исходном PDF — сверить по Whisper/на слух; групповая привязка осетинских клипов — сверить на слух	sound/0014.mp3	Останови машину.	Бауром машинӕ.
50. Ч. 1. В городе, селе	10	групповая привязка осетинских клипов — сверить на слух	sound/0015.mp3	Терек течет посередине города Владикавказа.	Терк кӕлы горӕт Дзӕу джыхъӕуы астӕуты.
50. Ч. 2. Заблудиться	1	групповая привязка осетинских клипов — сверить на слух	sound/0001.mp3	Я заблудился.	Ӕз фӕдзӕгъӕл дӕн.
50. Ч. 2. Заблудиться	3	групповая привязка осетинских клипов — сверить на слух	sound/0013.mp3	магазин.	дук ани.
50. Ч. 2. Заблудиться	4	групповая привязка осетинских клипов — сверить на слух	sound/0015.mp3	Я нездешний, не знаю местности.	Ӕз ардыгон нӕ дӕн, амы бынӕттӕ нӕ зонын.
50. Ч. 3. Мост	3	групповая привязка осетинских клипов — сверить на слух	sound/0003.mp3	Помоги мне перебраться на ту сторону.	Фех хуыс-ма мын кӕн фаллаг фарсмӕ бахизынмӕ.
50. Ч. 4. Население	2	групповая привязка осетинских клипов — сверить на слух	sound/0002.mp3	Люди каких национальностей живут у вас?	Цавӕр адӕмы хӕттытӕ уӕм цӕры?
50. Ч. 4. Население	3	групповая привязка осетинских клипов — сверить на слух	sound/0003.mp3	У нас живут…	Махмӕ цӕрынц…
50. Ч. 4. Население	4	групповая привязка осетинских клипов — сверить на слух	sound/0005.mp3	В нашем селе живут… русские, украинцы, осетины, грузины, армяне и люди других национальностей.	Мах хъӕуы цӕрынц… уырыссӕгтӕ, украинӕгтӕ, ирӕттӕ, гуырдзиӕгтӕ, сомихӕгтӕ ӕмӕ ӕндӕр адӕмы хӕттытӕ.
50. Ч. 5. Население	1	групповая привязка осетинских клипов — сверить на слух	sound/0001.mp3	Кому поставлен этот памятник?	Ацы цырт кӕмӕн ӕвӕрд у?
50. Ч. 5. Население	2	варианты в исходном PDF — сверить по Whisper/на слух; групповая привязка осетинских клипов — сверить на слух	sound/0002.mp3	Я хочу посмотреть памятник генералу Плиеву.	Мӕн фӕнды инӕлар Плийы-фырты цырт фенын.
50. Ч. 5. Население	4	групповая привязка осетинских клипов — сверить на слух	sound/0004.mp3	Где братская могила?	Ӕфсымӕрон ингӕн кӕцы ран ис?
50. Ч. 5. Население	5	групповая привязка осетинских клипов — сверить на слух	sound/0005.mp3	Проведи меня до братской могилы.	Ӕфсымӕрон ингӕнмӕ-ма мӕ схӕццӕ кӕн.
50. Ч. 5. Население	7	групповая привязка осетинских клипов — сверить на слух	sound/0007.mp3	В этой братской могиле похоронено 17 тысяч человек.	Ацы ʼфсымӕрон ингӕны ныгӕдис ӕвддӕс мин адӕймаджы.
50. Ч. 5. Население	8	групповая привязка осетинских клипов — сверить на слух	sound/0008.mp3	Мне очень нравиться памятник Коста Хетагурову.	Хетӕгкаты Къостайы цырт мӕ зӕрдӕмӕ тынг цӕуы.
50. Ч. 6. Парк	1	групповая привязка осетинских клипов — сверить на слух	sound/0001.mp3	Есть ли у вас в городе парк?	Уӕ горӕты парк ис?
50. Ч. 6. Парк	2	групповая привязка осетинских клипов — сверить на слух	sound/0002.mp3	Пойдемте в парк.	Цомут паркмӕ.
50. Ч. 6. Парк	3	групповая привязка осетинских клипов — сверить на слух	sound/0003.mp3	Нравится тебе наш парк?	Дӕ зӕрдӕмӕ цӕуынӕ парк?
50. Ч. 7. Площадь	2	групповая привязка осетинских клипов — сверить на слух	sound/0002.mp3	Как эта площадь называется?	Ацы фӕзы ном куыд у?
50. Ч. 7. Площадь	3	групповая привязка осетинских клипов — сверить на слух	sound/0003.mp3	Проводи меня до площади Ленина.	Ленины фӕзмӕ-ма мӕ схӕццӕ кӕн.
50. Ч. 8. Рынок	1	групповая привязка осетинских клипов — сверить на слух	sound/0001.mp3	Есть ли у вас в городе базар?	Уӕ горӕты базар ис?
50. Ч. 8. Рынок	3	групповая привязка осетинских клипов — сверить на слух	sound/0004.mp3	Где здесь…	Кӕм ис ам…
50. Ч. 8. Рынок	4	групповая привязка осетинских клипов — сверить на слух	sound/0005.mp3	мясной павильон?	фыды павильон?
50. Ч. 9. Улица	1	групповая привязка осетинских клипов — сверить на слух	sound/0001.mp3	Где находится улица Пушкина?	Кӕм ис Пуш кины уынг?
50. Ч. 9. Улица	2	групповая привязка осетинских клипов — сверить на слух	sound/0002.mp3	Где находится улица	Кӕм ис Хетӕгкаты Къостайы уынг?
50. Ч. 9. Улица	5	групповая привязка осетинских клипов — сверить на слух	sound/0006.mp3	Пойдемте по этой улице.	Мӕнӕ ацы уынгыл цом.
50. Ч. 9. Улица	6	групповая привязка осетинских клипов — сверить на слух	sound/0007.mp3	Как много новых домов по этой улице!	Цы бирӕ ног хӕдзӕрттӕ ис ацы уынджы!
51. Ч.1. Адрес	2	варианты в исходном PDF — сверить по Whisper/на слух; групповая привязка осетинских клипов — сверить на слух	sound/0002.mp3	Запиши, пожалуйста, мой адрес.	Ныффыс, табуа фси, мӕ адрес.
51. Ч.1. Адрес	3	групповая привязка осетинских клипов — сверить на слух	sound/0003.mp3	Я не знаю твоего адреса.	Дӕ адрес дын нӕ зонын.
51. Ч.1. Адрес	4	групповая привязка осетинских клипов — сверить на слух	sound/0004.mp3	Я не знаю его адреса.	Йӕ адрис ын нӕ зонын.
51. Ч.1. Адрес	5	групповая привязка осетинских клипов — сверить на слух	sound/0005.mp3	Сообщишь мне свой адрес.	Дӕ адрис-ма мын фехъусын кӕн.
51. Ч.2. Бандероль	2	групповая привязка осетинских клипов — сверить на слух	sound/0007.mp3	Отправь, пожалуйста, эту бандероль.	Ацы бандероль-ма арвит, дӕ хорзӕхӕй.
51. Ч.3. Конверт, бланк	1	варианты в исходном PDF — сверить по Whisper/на слух; групповая привязка осетинских клипов — сверить на слух	sound/0008.mp3	Где можно купить почтовую бумагу?	Кӕм балхӕнӕн ис фыссыны гӕххӕт?
51. Ч.3. Конверт, бланк	2	групповая привязка осетинских клипов — сверить на слух	sound/0009.mp3	Дайте мне бланк для телеграммы.	Авӕр-ма мын телеграммӕйы бланк.
51. Ч.4. Открытка	1	групповая привязка осетинских клипов — сверить на слух	sound/0015.mp3	с видами вашего города.	уӕ горӕты нывтимӕ.
51. Ч.5. Письмо	1	варианты в исходном PDF — сверить по Whisper/на слух; групповая привязка осетинских клипов — сверить на слух	sound/0002.mp3	Запиши, пожалуйста, мой адрес.	Ныффыс, табуа фси, мӕ адрес.
51. Ч.5. Письмо	2	групповая привязка осетинских клипов — сверить на слух	sound/0007.mp3	Отправь, пожалуйста, эту бандероль.	Ацы бандероль-ма арвит, дӕ хорзӕхӕй.
51. Ч.5. Письмо	3	групповая привязка осетинских клипов — сверить на слух	sound/0018.mp3	Напиши мне, пожалуйста, письмо на осетинском языке.	Дӕ хорзӕхӕй, иронау-ма мӕм фыстӕг ныффыс.
51. Ч.5. Письмо	4	групповая привязка осетинских клипов — сверить на слух	sound/0019.mp3	Пожалуйста, что ты хочешь написать, диктуй.	Табуа фси, цы дӕ фӕнды ныфыссын, дзур.
51. Ч.5. Письмо	5	групповая привязка осетинских клипов — сверить на слух	sound/0020.mp3	Отправь это письмо.	Ацы писмо-ма арвит.
51. Ч.5. Письмо	6	групповая привязка осетинских клипов — сверить на слух	sound/0021.mp3	Отпусти в ящик это письмо.	Ацы писмо-ма посты асыччы ныппар.
51. Ч.5. Письмо	7	групповая привязка осетинских клипов — сверить на слух	sound/0022.mp3	Разреши мне переписываться с тобой.	Бар мын ратт дӕумӕ писмотӕ фыссынӕн.
51. Ч.5. Письмо	8	групповая привязка осетинских клипов — сверить на слух	sound/0023.mp3	Мне будет очень приятно получать от тебя письма.	Мӕнӕн тынг ӕхсызгон уыдзӕни дӕуӕй писмотӕ исын.
51. Ч.5. Письмо	10	групповая привязка осетинских клипов — сверить на слух	sound/0025.mp3	Я люблю писать письма.	Ӕз уарзын писмотӕ фысын.
51. Ч.5. Письмо	11	групповая привязка осетинских клипов — сверить на слух	sound/0026.mp3	Я не люблю писать письма.	Ӕз нӕ уарзын писмотӕ фысын.
51. Ч.5. Письмо	12	групповая привязка осетинских клипов — сверить на слух	sound/0027.mp3	Передай, пожалуйста, это письмо Сослану.	Ацы писмо, дӕ хорзӕхӕй, Сосланмӕ ратт.
51. Ч.5. Письмо	13	групповая привязка осетинских клипов — сверить на слух	sound/0028.mp3	Спасибо за письмо.	Буз ныг дӕ писмойы тыххӕй.
51. Ч.6. Почта, телеграф	1	варианты в исходном PDF — сверить по Whisper/на слух; групповая привязка осетинских клипов — сверить на слух	sound/0030.mp3	Прости, где здесь почта?	Бахатыр кӕн, кӕм и ам почтӕ?
51. Ч.6. Почта, телеграф	2	групповая привязка осетинских клипов — сверить на слух	sound/0031.mp3	Как можно позвонить в город?	Куыд адзырӕуа телефонӕй горӕтмӕ?
51. Ч.6. Почта, телеграф	3	групповая привязка осетинских клипов — сверить на слух	sound/0032.mp3	Мне надо позвонить в скорую помощь.	Мӕн адзурын хъӕуы телефонӕй тагъд ӕххуысмӕ.
51. Ч.7. Телеграмма	1	групповая привязка осетинских клипов — сверить на слух	sound/0006.mp3	Где принимают здесь бандероли?	Кӕм исынц ам бандерольтӕ?
51. Ч.8. Парикмахерская	4	групповая привязка осетинских клипов — сверить на слух	sound/0004.mp3	Нет ли у тебя бритвы?	Сӕрдасӕн дӕм нӕй?
51. Ч.8. Парикмахерская	5	групповая привязка осетинских клипов — сверить на слух	sound/0005.mp3	Нет ли у вас бритвы?	Сӕрдасӕн уӕм нӕй?
51. Ч.8. Парикмахерская	6	варианты в исходном PDF — сверить по Whisper/на слух; групповая привязка осетинских клипов — сверить на слух	sound/0006.mp3	Постриги не волосы короче.	Мӕ сӕрыхъуынтӕ-ма мын алвын цыбырдӕр..
51. Ч.8. Парикмахерская	7	групповая привязка осетинских клипов — сверить на слух	sound/0007.mp3	Дай мне, пожалуйста, ножницы.	Хӕсгард-ма мӕм авӕр, дӕ хорзӕхӕй.
51. Ч.8. Парикмахерская	8	варианты в исходном PDF — сверить по Whisper/на слух; групповая привязка осетинских клипов — сверить на слух	sound/0009.mp3	Я хочу покрасить волосы.	Мӕн фӕндымӕ дзыккутӕ сахорын.
51. Ч.8. Парикмахерская	9	варианты в исходном PDF — сверить по Whisper/на слух; групповая привязка осетинских клипов — сверить на слух	sound/0010.mp3	Дай мне зеркало.	Ӕри-ма мын кӕсӕн.
52. Фотография, фототовары	2	групповая привязка осетинских клипов — сверить на слух	sound/0002.mp3	Где живет фотограф?	Хуызисӕг кӕм цӕры?
52. Фотография, фототовары	3	групповая привязка осетинских клипов — сверить на слух	sound/0003.mp3	Я хочу сфотографироваться.	Мӕн фӕндымӕ хуыз сисын.
52. Фотография, фототовары	4	групповая привязка осетинских клипов — сверить на слух	sound/0004.mp3	Мы хотим сфотографироваться.	Мах фӕндынӕ хуыз сисын.
52. Фотография, фототовары	5	групповая привязка осетинских клипов — сверить на слух	sound/0005.mp3	Пожалуйста, как ты хочешь сфотографироваться?	Табуа фси, куыд дӕ фӕнды дӕ хуыз сисын?
52. Фотография, фототовары	6	групповая привязка осетинских клипов — сверить на слух	sound/0006.mp3	Пожалуйста, как вы хотите сфотографироваться?	Табуа фси, куыд уӕ фӕнды уӕ хуыз сисын?
52. Фотография, фототовары	7	групповая привязка осетинских клипов — сверить на слух	sound/0007.mp3	Сфотографируй меня...	Сис-ма мын мӕ хуыз…
52. Фотография, фототовары	8	групповая привязка осетинских клипов — сверить на слух	sound/0008.mp3	Сфотографируй нас....	Сис-ма нын нӕ хуыз…
52. Фотография, фототовары	9	групповая привязка осетинских клипов — сверить на слух	sound/0014.mp3	Стань так, я тебя сфотографирую.	Афтӕ слӕуу, ӕз дын дӕ хуыз сисон.
52. Фотография, фототовары	10	групповая привязка осетинских клипов — сверить на слух	sound/0015.mp3	Станьте так, я вас сфотографирую.	Афтӕ слӕуут, ӕз уын уӕ хуыз сисон.
52. Фотография, фототовары	11	групповая привязка осетинских клипов — сверить на слух	sound/0016.mp3	Подари мне на память свою фотографию.	Зӕрдыл дарынӕн-ма мын дӕ къам балӕвар кӕн.
53. Ч.1. Ванна	1	групповая привязка осетинских клипов — сверить на слух	sound/0001.mp3	Я хочу искупаться.	Мӕн фӕнды мӕхи ныннайын.
53. Ч.1. Ванна	2	варианты в исходном PDF — сверить по Whisper/на слух; групповая привязка осетинских клипов — сверить на слух	sound/0002.mp3	Где у вас ванна?	Кӕм и уӕ ваннӕ?
53. Ч.1. Ванна	3	групповая привязка осетинских клипов — сверить на слух	sound/0003.mp3	Где у вас можно помыться?	Кӕм уӕм ис хи цӕхсӕн?
53. Ч.1. Ванна	4	варианты в исходном PDF — сверить по Whisper/на слух	sound/0004.mp3	Есть у вас в селении баня? Гость, Есть ли здесь гостиница?	Уӕ хъӕуы абана ис? гостиница.
53. Ч.10. Шитье	1	групповая привязка осетинских клипов — сверить на слух	sound/0003.mp3	свои брюки.	Мӕ хӕлаф
53. Ч.10. Шитье	2	групповая привязка осетинских клипов — сверить на слух	sound/0010.mp3	Я хочу заказать брюки.	Мӕ зӕрды ис хӕлаф бахуыйын кӕнын.
53. Ч.2. Гость, гостиница	1	групповая привязка осетинских клипов — сверить на слух	sound/0001.mp3	Открой, пожалуйста, дверь.	Дуар-ма бакӕн, дӕ хорзӕхӕй.
53. Ч.3. Дверь	1	групповая привязка осетинских клипов — сверить на слух	sound/0001.mp3	Открой, пожалуйста, окно.	Руд зынг-ма бакӕ, дӕ хорзӕхӕй.
53. Ч.3. Дверь	2	групповая привязка осетинских клипов — сверить на слух	sound/0002.mp3	Закрой, пожалуйста, окно.	Руд зынг-ма сӕхгӕ, дӕ хорзӕхӕй.
53. Ч.4. Окно	1	групповая привязка осетинских клипов — сверить на слух	sound/0001.mp3	Затопи, пожалуйста, камин.	Камины арт бакӕн, дӕ хорзӕхӕй.
53. Ч.8. Стирка	1	групповая привязка осетинских клипов — сверить на слух	sound/0008.mp3	Куда можно сдать вещь в чистку?	Дзаума сыгъдӕг кӕнынмӕ кӕдӕм радтӕ уа?
53. Ч.9. Чистка	1	групповая привязка осетинских клипов — сверить на слух	sound/0002.mp3	свой пиджак.	Мӕ пиджак
53. Ч.9. Чистка	2	групповая привязка осетинских клипов — сверить на слух	sound/0003.mp3	свои брюки.	Мӕ хӕлаф
53. Ч.9. Чистка	3	групповая привязка осетинских клипов — сверить на слух	sound/0004.mp3	свое платье.	Мӕ къаба
54. Ч.1. Ресторан, буфет, столовая	1	групповая привязка осетинских клипов — сверить на слух	sound/0004.mp3	буфет?	буфетис?
54. Ч.1. Ресторан, буфет, столовая	2	групповая привязка осетинских клипов — сверить на слух	sound/0005.mp3	ресторан?	ресторан ис?
54. Ч.1. Ресторан, буфет, столовая	3	групповая привязка осетинских клипов — сверить на слух	sound/0019.mp3	Этот стол не занят?	Ацы стъол ахст нӕу?
54. Ч.1. Ресторан, буфет, столовая	4	групповая привязка осетинских клипов — сверить на слух	sound/0020.mp3	Этот стул не занят?	Ацы бандон ахст нӕу?
54. Ч.1. Ресторан, буфет, столовая	5	групповая привязка осетинских клипов — сверить на слух	sound/0021.mp3	Можно с тобой сесть?	Демӕ сбадын ӕмбӕлы?
54. Ч.1. Ресторан, буфет, столовая	6	варианты в исходном PDF — сверить по Whisper/на слух; групповая привязка осетинских клипов — сверить на слух	sound/0023.mp3	Пожалуйста, садись.	Табуа фси, сбад.
54. Ч.10. Приправа и специи	1	групповая привязка осетинских клипов — сверить на слух	sound/0041.mp3	Принеси соль.	Цӕхх-ма рахӕсс.
54. Ч.10. Приправа и специи	2	групповая привязка осетинских клипов — сверить на слух	sound/0042.mp3	Принеси горчицу.	Горчицӕ-ма рахӕсс.
54. Ч.10. Приправа и специи	3	групповая привязка осетинских клипов — сверить на слух	sound/0043.mp3	Принеси красный перец.	Сырх цывзы-ма рахӕсс.
54. Ч.10. Приправа и специи	4	групповая привязка осетинских клипов — сверить на слух	sound/0044.mp3	Принеси черный перец.	Бырц-ма рахӕсс.
54. Ч.11. Счет	1	групповая привязка осетинских клипов — сверить на слух	sound/0002.mp3	Принеси, пожалуйста…	Рахӕсс-ма, дӕ хорзӕхӕй…
54. Ч.11. Счет	2	варианты в исходном PDF — сверить по Whisper/на слух; групповая привязка осетинских клипов — сверить на слух	sound/0013.mp3	Дай мне, пожалуйста,…	Авӕр-ма мын, дӕ хорзӕхӕй,…
54. Ч.11. Счет	3	варианты в исходном PDF — сверить по Whisper/на слух; групповая привязка осетинских клипов — сверить на слух	sound/0014.mp3	Дай нам, пожалуйста,…	Авӕр-ма нын, дӕ хорзӕхӕй,…
54. Ч.11. Счет	4	групповая привязка осетинских клипов — сверить на слух	sound/0050.mp3	Рассчитай меня, пожалуйста.	Ӕхца-ма мӕ райс, дӕ хорзӕхӕй.
54. Ч.11. Счет	5	групповая привязка осетинских клипов — сверить на слух	sound/0051.mp3	Рассчитай нас, пожалуйста.	Ӕхца-ма нӕ райс, дӕ хорзӕхӕй.
54. Ч.11. Счет	6	групповая привязка осетинских клипов — сверить на слух	sound/0052.mp3	Принесите, пожалуйста, счет.	Хыгъд-ма рахӕсс, дӕ хорзӕхӕй.
54. Ч.2. Завтрак, обед, ужин	1	групповая привязка осетинских клипов — сверить на слух	sound/0002.mp3	Ты кушал?	Ды бахордтай?
54. Ч.2. Завтрак, обед, ужин	2	групповая привязка осетинских клипов — сверить на слух	sound/0004.mp3	Ты завтракал?	Аходӕн хордтай?
54. Ч.2. Завтрак, обед, ужин	3	групповая привязка осетинских клипов — сверить на слух	sound/0010.mp3	Я голоден.	Ӕз ӕххормаг дӕн.
54. Ч.2. Завтрак, обед, ужин	4	групповая привязка осетинских клипов — сверить на слух	sound/0011.mp3	Мы голодны.	Мах ӕххормаг стӕм.
54. Ч.2. Завтрак, обед, ужин	6	групповая привязка осетинских клипов — сверить на слух	sound/0013.mp3	Пойдем позавтракаем.	Цом аходӕн бахӕрӕм.
54. Ч.2. Завтрак, обед, ужин	7	групповая привязка осетинских клипов — сверить на слух	sound/0016.mp3	Я хочу пить.	Дон нуазын мӕм цӕуы.
54. Ч.2. Завтрак, обед, ужин	9	групповая привязка осетинских клипов — сверить на слух	sound/0021.mp3	обед?	Сихор
54. Ч.2. Завтрак, обед, ужин	10	групповая привязка осетинских клипов — сверить на слух	sound/0024.mp3	Угощайся, ешь, пожалуйста.	Райс-ма, ахӕр-ма, дӕ хорзӕхӕй.
54. Ч.2. Завтрак, обед, ужин	11	групповая привязка осетинских клипов — сверить на слух	sound/0025.mp3	Угощайтесь, ешьте, пожалуйста.	Райсут-ма, ахӕрут-ма, уӕ хорзӕхӕй.
54. Ч.3. Меню	1	групповая привязка осетинских клипов — сверить на слух	sound/0003.mp3	Дай, пожалуйста, мне меню.	Меню-ма мӕм авӕр, дӕ хорзӕхӕй.
54. Ч.3. Меню	2	групповая привязка осетинских клипов — сверить на слух	sound/0008.mp3	Официантка, обслужи меня, пожалуйста. Я очень спешу.	Официанткӕ, фӕрӕв дз-ма мӕ кӕн, дӕ хорзӕхӕй. Тынг тагъд кӕнын.
54. Ч.3. Меню	3	групповая привязка осетинских клипов — сверить на слух	sound/0009.mp3	Официантка, обслужи нас, пожалуйста. Мы очень спешим.	Официанткӕ, фӕрӕв дз-ма нӕ кӕн, дӕ хорзӕхӕй. Тынг тагъд кӕнӕм.
54. Ч.3. Меню	4	групповая привязка осетинских клипов — сверить на слух	sound/0011.mp3	Принеси мне, пожалуйста…	Рахӕсс-ма мын, дӕ хорзӕхӕй…
54. Ч.3. Меню	5	групповая привязка осетинских клипов — сверить на слух	sound/0012.mp3	Принеси нам, пожалуйста…	Рахӕсс-ма нын, дӕ хорзӕхӕй…
54. Ч.4. Закуски	1	варианты в исходном PDF — сверить по Whisper/на слух; групповая привязка осетинских клипов — сверить на слух	sound/0013.mp3	У вас есть…	Ис уӕм…
54. Ч.4. Закуски	2	варианты в исходном PDF — сверить по Whisper/на слух; групповая привязка осетинских клипов — сверить на слух	sound/0014.mp3	колбасу — лук.	къалбас.
54. Ч.4. Закуски	4	варианты в исходном PDF — сверить по Whisper/на слух; групповая привязка осетинских клипов — сверить на слух	sound/0018.mp3	редиску.	, тж.
54. Ч.4. Закуски	5	групповая привязка осетинских клипов — сверить на слух	sound/0023.mp3	салат из огурцов.	джитъритӕй салат.
54. Ч.5. Первые блюда	1	групповая привязка осетинских клипов — сверить на слух	sound/0002.mp3	Подай мне, пожалуйста…	Авӕр-ма мын, дӕ хорзӕхӕй…
54. Ч.5. Первые блюда	2	групповая привязка осетинских клипов — сверить на слух	sound/0003.mp3	борщ мясной.	борщ дзидзаимӕ.
54. Ч.5. Первые блюда	3	групповая привязка осетинских клипов — сверить на слух	sound/0009.mp3	мясной суп. Ч.6. Вторые	дзидзайы хъӕрхуыпп. блюда.
54. Ч.6. Вторые блюда	1	групповая привязка осетинских клипов — сверить на слух	sound/0009.mp3	мясной суп. Ч.6. Вторые	дзидзайы хъӕрхуыпп. блюда.
54. Ч.6. Вторые блюда	5	групповая привязка осетинских клипов — сверить на слух	sound/0020.mp3	курятина?	Карчы фыд уӕм ис?
54. Ч.6. Вторые блюда	6	групповая привязка осетинских клипов — сверить на слух	sound/0022.mp3	почки?	Уыргтӕ уӕм ис?
54. Ч.7. Напитки	1	групповая привязка осетинских клипов — сверить на слух	sound/0027.mp3	Ч. 7. Минеральная вода.	Напитки тж.
54. Ч.8. Порция	1	групповая привязка осетинских клипов — сверить на слух	sound/0002.mp3	Принеси, пожалуйста…	Рахӕсс-ма, дӕ хорзӕхӕй…
54. Ч.8. Порция	2	групповая привязка осетинских клипов — сверить на слух	sound/0003.mp3	полпорции котлет.	порцийы ’рдӕг катлеттӕ.
54. Ч.8. Порция	4	групповая привязка осетинских клипов — сверить на слух	sound/0009.mp3	два стакана компота.	дыууӕ агуывзӕйы кампот.
54. Ч.9. Прибор	1	групповая привязка осетинских клипов — сверить на слух	sound/0002.mp3	Принеси, пожалуйста…	Рахӕсс-ма, дӕ хорзӕхӕй…
54. Ч.9. Прибор	2	варианты в исходном PDF — сверить по Whisper/на слух; групповая привязка осетинских клипов — сверить на слух	sound/0013.mp3	Дай мне, пожалуйста,…	Авӕр-ма мын, дӕ хорзӕхӕй,…
54. Ч.9. Прибор	3	варианты в исходном PDF — сверить по Whisper/на слух; групповая привязка осетинских клипов — сверить на слух	sound/0014.mp3	Дай нам, пожалуйста,…	Авӕр-ма нын, дӕ хорзӕхӕй,…
54. Ч.9. Прибор	4	групповая привязка осетинских клипов — сверить на слух	sound/0015.mp3	один прибор.	иу прибор.
54. Ч.9. Прибор	5	групповая привязка осетинских клипов — сверить на слух	sound/0016.mp3	стакан.	агуывзӕ.
54. Ч.9. Прибор	6	групповая привязка осетинских клипов — сверить на слух	sound/0020.mp3	вилку.	вилкӕ.
54. Ч.9. Прибор	7	групповая привязка осетинских клипов — сверить на слух	sound/0028.mp3	нож.	кард.
54. Ч.9. Прибор	8	групповая привязка осетинских клипов — сверить на слух	sound/0029.mp3	два ножа.	дыууӕ карды.
54. Ч.9. Прибор	9	групповая привязка осетинских клипов — сверить на слух	sound/0032.mp3	рюмку.	рюмкӕ.
54. Ч.9. Прибор	10	групповая привязка осетинских клипов — сверить на слух	sound/0036.mp3	тарелку.	тӕбӕгъ.
55. Промышленные предприятия	2	групповая привязка осетинских клипов — сверить на слух	sound/0004.mp3	Много заводов, фабрик есть в вашем районе?	Бирӕ заводтӕ, фабрикӕтӕ ис уӕ районы?
55. Промышленные предприятия	3	групповая привязка осетинских клипов — сверить на слух	sound/0006.mp3	Какие заводы, фабрики есть в вашей республике?	Цавӕр заводтӕ, фабрикӕтӕ ис уӕ рес публикӕйы?
55. Промышленные предприятия	4	варианты в исходном PDF — сверить по Whisper/на слух; групповая привязка осетинских клипов — сверить на слух	sound/0007.mp3	Какую продукцию выпускает ваш завод?	Цавӕр продукци уадзы уӕ завод?
55. Промышленные предприятия	5	варианты в исходном PDF — сверить по Whisper/на слух	sound/0008.mp3	Сколько рабочих у вас на заводе?	Цал кусӕджы ис уӕ заводы?
55. Промышленные предприятия	6	варианты в исходном PDF — сверить по Whisper/на слух	sound/0009.mp3	Я работаю	Ӕз кусын
55. Промышленные предприятия	10	групповая привязка осетинских клипов — сверить на слух	sound/0014.mp3	Кто директор завода?	Заводы директор чи у?
55. Промышленные предприятия	17	варианты в исходном PDF — сверить по Whisper/на слух; групповая привязка осетинских клипов — сверить на слух	sound/0022.mp3	Я приехал	Ӕз ссыдтӕн
55. Промышленные предприятия	18	групповая привязка осетинских клипов — сверить на слух	sound/0023.mp3	изучать ваш опыт.	сымах фӕлдтӕрдзинад сахуыр кӕнынмӕ.
55. Промышленные предприятия	19	групповая привязка осетинских клипов — сверить на слух	sound/0024.mp3	Мы рады в свою очередь поделиться с вами опытом.	Махӕн дӕр ӕхсызгон у нӕ фӕлтӕрдзинадӕй сымахӕн бахай кӕнын.
55. Промышленные предприятия	20	групповая привязка осетинских клипов — сверить на слух	sound/0025.mp3	Познакомьте меня, пожалуйста,	Базонгӕ-ма мӕ кӕн, дӕ хорзӕхӕй,
55. Промышленные предприятия	21	групповая привязка осетинских клипов — сверить на слух	sound/0026.mp3	с работой вашего завода.	уӕ заводы куыстимӕ.
55. Промышленные предприятия	22	групповая привязка осетинских клипов — сверить на слух	sound/0032.mp3	Познакомь меня с работой — механического цеха.	Базонгӕ-ма мӕ кӕн механикон цехы куыстимӕ.
56. Строительство	1	варианты в исходном PDF — сверить по Whisper/на слух; групповая привязка осетинских клипов — сверить на слух	sound/0001.mp3	Как у вас с жилищным строительством в селе?	Цӕрӕн хӕдзӕрттӕ аразыны хъуыддӕгтӕ уӕм куыд сты уӕ хъӕуы?
56. Строительство	3	варианты в исходном PDF — сверить по Whisper/на слух; групповая привязка осетинских клипов — сверить на слух	sound/0003.mp3	Есть ли у вас в р-не строительный камень?	Уӕ районы арӕзтатдон дур ис?
56. Строительство	4	варианты в исходном PDF — сверить по Whisper/на слух; групповая привязка осетинских клипов — сверить на слух	sound/0004.mp3	Когда закончите строительство этого завода?	Кӕд фӕуыдызстут арӕзт ацы завод?
56. Строительство	6	групповая привязка осетинских клипов — сверить на слух	sound/0006.mp3	Дом строится быстро.	Тагъд арӕзт цӕуы хӕдзар.
56. Строительство	7	групповая привязка осетинских клипов — сверить на слух	sound/0007.mp3	Дом строится медленно.	Сындӕг арӕзт цӕуы хӕдзар.
56. Строительство	8	групповая привязка осетинских клипов — сверить на слух	sound/0008.mp3	Мне нужно…	Мӕн хъӕуы…
56. Строительство	9	групповая привязка осетинских клипов — сверить на слух	sound/0013.mp3	лесоматериал.	хъӕдӕрмӕг.
56. Строительство	10	групповая привязка осетинских клипов — сверить на слух	sound/0016.mp3	черепица.	ӕмбӕрзӕн дур.
57. Ч.1. Сельское хозяйство	1	групповая привязка осетинских клипов — сверить на слух	sound/0006.mp3	Наше хозяйство сейчас…	Мах хӕдзарад ныртӕккӕ…
57. Ч.1. Сельское хозяйство	2	групповая привязка осетинских клипов — сверить на слух	sound/0007.mp3	Ваше хозяйство сейчас…	Сымах хӕдзарад ныртӕккӕ…
57. Ч.1. Сельское хозяйство	3	групповая привязка осетинских клипов — сверить на слух	sound/0008.mp3	Их хозяйство сейчас…	Уыдоны хӕдзарад ныртӕккӕ…
57. Ч.1. Сельское хозяйство	4	групповая привязка осетинских клипов — сверить на слух	sound/0009.mp3	пашет.	хуым кӕны.
57. Ч.1. Сельское хозяйство	5	варианты в исходном PDF — сверить по Whisper/на слух; групповая привязка осетинских клипов — сверить на слух	sound/0010.mp3	сеет пшеницу.	тауы мӕнӕу.
57. Ч.1. Сельское хозяйство	6	групповая привязка осетинских клипов — сверить на слух	sound/0015.mp3	ухаживает за фруктовым садом.	зилы дыргъдонмӕ.
57. Ч.1. Сельское хозяйство	7	варианты в исходном PDF — сверить по Whisper/на слух; групповая привязка осетинских клипов — сверить на слух	sound/0017.mp3	собирает фрукты.	ӕфснайы дыргътӕ.
57. Ч.1. Сельское хозяйство	9	групповая привязка осетинских клипов — сверить на слух	sound/0019.mp3	У нас в хозяйстве работает сто двадцать человек.	Мах хӕдзарады кусы сӕдӕ дыууын адӕймаджы.
57. Ч.2. Инвентарь	1	групповая привязка осетинских клипов — сверить на слух	sound/0003.mp3	…готов к весенней работе?	…цӕттӕ сты уалдзыгон куыстытӕм?
57. Ч.2. Инвентарь	2	групповая привязка осетинских клипов — сверить на слух	sound/0004.mp3	…готов к осенней работе?	…цӕттӕ сты фӕззыгон куыстытӕм?
57. Ч.2. Инвентарь	4	групповая привязка осетинских клипов — сверить на слух	sound/0008.mp3	корзина.	Тӕскъ мӕ хъӕуы.
57. Ч.3. Поле, степь, луг	2	групповая привязка осетинских клипов — сверить на слух	sound/0003.mp3	Сколько гектаров у вас пахотной земли?	Хуымзӕхх уӕм цал гектары ис?
57. Ч.3. Поле, степь, луг	3	варианты в исходном PDF — сверить по Whisper/на слух	sound/0004.mp3	Сколько вы вспахали под кукурузу?	Нартхорӕн зӕхх цас бахуым кодтат?
57. Ч.3. Поле, степь, луг	4	групповая привязка осетинских клипов — сверить на слух	sound/0005.mp3	Как я люблю бескрайние степи русские!	Куыд бирӕ уарзын ӕз ӕнӕк ӕрон уырыссаг быдыртӕ!
57. Ч.3. Поле, степь, луг	6	групповая привязка осетинских клипов — сверить на слух	sound/0007.mp3	Какие у вас красивые луга!	Цы рӕсугъд сты уӕ уыгӕрдӕнтӕ!
57. Ч.3. Поле, степь, луг	7	групповая привязка осетинских клипов — сверить на слух	sound/0008.mp3	Я хочу нарвать букет полевых цветов.	Мӕн фӕнды быдырон дидинджыты букет ӕртонын.
57. Ч.4. Правление	2	групповая привязка осетинских клипов — сверить на слух	sound/0002.mp3	Кот здесь председатель колхоза?	Чи у къолхозы сӕрдар?
57. Ч.4. Правление	3	групповая привязка осетинских клипов — сверить на слух	sound/0003.mp3	Мне нужен директор совхоза.	Мӕн хъӕуы совхозы директор.
57. Ч.4. Правление	4	варианты в исходном PDF — сверить по Whisper/на слух; групповая привязка осетинских клипов — сверить на слух	sound/0004.mp3	Куда ушел главный бухгалтер?	Кӕдӕм ацыди хистӕр бухгалтер?
57. Ч.5. Семена	2	групповая привязка осетинских клипов — сверить на слух	sound/0004.mp3	Как вы заготавливаете семенной фонд?	Куыд фӕцӕттӕ кӕнут мыггӕгты фонд?
57. Ч.5. Семена	3	групповая привязка осетинских клипов — сверить на слух	sound/0005.mp3	Эти семена дают хорошие всходы.	Ацы мыггӕгтӕ хорз сӕвзӕрынц.
57. Ч.5. Семена	4	групповая привязка осетинских клипов — сверить на слух	sound/0006.mp3	Чем вы протравливаете семена перед посевом?	Тауыны размӕ мыггӕгтӕ цавӕр хосӕй бапырх кӕнут?
57. Ч.5. Семена	5	групповая привязка осетинских клипов — сверить на слух	sound/0007.mp3	Это хорошие семена.	Адон хорз мыггӕгтӕ сты.
57. Ч.5. Семена	6	групповая привязка осетинских клипов — сверить на слух	sound/0008.mp3	Это плохие семена.	Адон ӕвзӕр мыггӕгтӕ сты.
57. Ч.6. Удобрения	1	групповая привязка осетинских клипов — сверить на слух	sound/0010.mp3	Чем вы удобряете поля?	Цавӕр хъацӕнтӕй фӕзилут уӕ быдыртӕм?
57. Ч.6. Удобрения	2	варианты в исходном PDF — сверить по Whisper/на слух; групповая привязка осетинских клипов — сверить на слух	sound/0011.mp3	Мы свои поля удобряем навозом, минеральными удобрениями.	Мах нӕ быдырты ныппырх кӕнӕм фаджыс, минералон хъацӕнтӕ.
57. Ч.6. Удобрения	3	групповая привязка осетинских клипов — сверить на слух	sound/0012.mp3	Какие химические удобрения вы применяете?	Цавӕр химикон хъацӕнтӕй пайда кӕнут?
57. Ч.7. Урожай	1	групповая привязка осетинских клипов — сверить на слух	sound/0015.mp3	Каков у вас в этом году урожай	Куыд уӕм ӕрзади ацы аз…
57. Ч.7. Урожай	2	групповая привязка осетинских клипов — сверить на слух	sound/0021.mp3	У нас в этом году лучше урожай, чем в прошлом году.	Фаронӕй нӕм ацы аз хуыздӕр ӕрзад тыллӕг.
57. Ч.7. Урожай	3	групповая привязка осетинских клипов — сверить на слух	sound/0022.mp3	У нас в этом году хуже урожай, чем в прошлом году.	Фаронӕй нӕм ацы аз ӕвзӕрдӕр ӕрзад тыллӕг.
57. Ч.8. Ферма (неполная)	1	варианты в исходном PDF — сверить по Whisper/на слух; групповая привязка осетинских клипов — сверить на слух	sound/0011.mp3	Мы свои поля удобряем навозом, минеральными удобрениями.	Мах нӕ быдырты ныппырх кӕнӕм фаджыс, минералон хъацӕнтӕ.
57. Ч.8. Ферма (неполная)	2	групповая привязка осетинских клипов — сверить на слух	sound/0036.mp3	триста дойных коров.	ӕртӕс ӕдӕ дуцгӕ хъуджы.
57. Ч.8. Ферма (неполная)	3	варианты в исходном PDF — сверить по Whisper/на слух; групповая привязка осетинских клипов — сверить на слух	sound/0041.mp3	Сколько ты в среднем надаиваешь в сутки от каждой коровы?	Цас ӕрдуцыс суткӕ алы хъугӕй дӕр рӕстӕмбис нымадӕй?
57. Ч.8. Ферма (неполная)	4	групповая привязка осетинских клипов — сверить на слух	sound/0042.mp3	У нас от каждой коровы в среднем надаивают шестнадцать литров.	Махмӕ алы хъугӕй дӕр рӕстӕмбис нымадӕй дуц ынц ӕхсӕр дӕс литры.
57. Ч.8. Ферма (неполная)	5	групповая привязка осетинских клипов — сверить на слух	sound/0043.mp3	Где содержаться…	Кӕм дарут
57. Ч.8. Ферма (неполная)	6	групповая привязка осетинских клипов — сверить на слух	sound/0045.mp3	ваши телята?	уӕ родты?
57. Ч.8. Ферма (неполная)	7	групповая привязка осетинских клипов — сверить на слух	sound/0046.mp3	ваши ягнята?	уӕ уӕрыччыты?
58. Сад, огород	2	групповая привязка осетинских клипов — сверить на слух	sound/0003.mp3	В нашем саду растут яблони, груши, сливы, вишни.	Мах дыргъдоны зайы фӕткъуытӕ, кӕрдотӕ, чылауитӕ, балтӕ.
58. Сад, огород	3	групповая привязка осетинских клипов — сверить на слух	sound/0004.mp3	Как красиво зацвели в саду яблони!	Цы рӕсугъд дидинӕг акалдтой дыргъдоны фӕткъуы бӕлӕстӕ!
58. Сад, огород	6	групповая привязка осетинских клипов — сверить на слух	sound/0007.mp3	Какие овощи вы думаете посадить в этом году?	Цавӕр халсартӕ садзынвӕнд кӕнут ацы аз?
58. Сад, огород	7	групповая привязка осетинских клипов — сверить на слух	sound/0008.mp3	Мы посадим лук, чеснок, морковь, помидоры.	Мах ныссадздзыстӕм хъӕдындзтӕ, нур ытӕ, уырыдзытӕ, цӕхӕратӕ, пъамидортӕ.
59. Игрушки	2	групповая привязка осетинских клипов — сверить на слух	sound/0004.mp3	заводные игрушки.	ифтындзгӕ хъазӕнтӕ.
59. Игрушки	3	групповая привязка осетинских клипов — сверить на слух	sound/0005.mp3	музыкальные игрушки.	музыкалон хъазӕнтӕ.
59. Игрушки	5	групповая привязка осетинских клипов — сверить на слух	sound/0008.mp3	Вот игрушки…	Мӕнӕ хъазӕнтӕ…
59. Игрушки	6	групповая привязка осетинских клипов — сверить на слух	sound/0011.mp3	для трех лет.	ӕртӕа здзыд сывӕллонӕн.
59. Игрушки	7	групповая привязка осетинских клипов — сверить на слух	sound/0012.mp3	для самых маленьких.	бынтон гыццылтӕн.
59. Игрушки	9	варианты в исходном PDF — сверить по Whisper/на слух	sound/0014.mp3	Я беру эту игрушку	Исын ӕз ацы хъазӕн.
60. Ч.1. Аудио, видокассеты, CD	1	групповая привязка осетинских клипов — сверить на слух	sound/0001.mp3	У вас есть компакт-диски?	Компакт-дисктӕ уӕм ис?
60. Ч.1. Аудио, видокассеты, CD	2	групповая привязка осетинских клипов — сверить на слух	sound/0002.mp3	Какие у вас компакт-диски с осетинской музыкой?	Ирон музыкӕйы компакт-дисктӕ уӕм цавӕртӕ ис?
60. Ч.1. Аудио, видокассеты, CD	3	групповая привязка осетинских клипов — сверить на слух	sound/0003.mp3	Подбери мне, пожалуйста, несколько компакт-дисков с осетинской музыкой.	Равзар-ма мын, дӕ хорзӕхӕй, иу къорд компакт-дискы ирон музыкӕимӕ.
60. Ч.1. Аудио, видокассеты, CD	4	групповая привязка осетинских клипов — сверить на слух	sound/0004.mp3	Я больше люблю…	Ӕз фылдӕр уарызын…
60. Ч.1. Аудио, видокассеты, CD	5	групповая привязка осетинских клипов — сверить на слух	sound/0005.mp3	песни,	зарджытӕ,
60. Ч.1. Аудио, видокассеты, CD	6	групповая привязка осетинских клипов — сверить на слух	sound/0006.mp3	танцевальную музыку.	кафыны музыкӕ.
60. Ч.1. Аудио, видокассеты, CD	7	групповая привязка осетинских клипов — сверить на слух	sound/0007.mp3	симфоническую музыку.	симфонион музыкӕ.
60. Ч.1. Аудио, видокассеты, CD	8	групповая привязка осетинских клипов — сверить на слух	sound/0010.mp3	Какие у вас есть фильмы об истории Осетии, о природе Осетии?	Цавӕр фильмтӕ уӕм ис Ирыстоны историйы тыххӕй, Ирыстоны ӕрдзы тыххӕй?
60. Ч.1. Аудио, видокассеты, CD	9	групповая привязка осетинских клипов — сверить на слух	sound/0011.mp3	Не хочешь ли прослушать этот компакт-диск?	Ацы компакт-дискмӕ байхъусын дӕ нӕ фӕнды?
60. Ч.1. Аудио, видокассеты, CD	10	групповая привязка осетинских клипов — сверить на слух	sound/0012.mp3	Не хочешь ли посмортеть этот компакт-диск?	Ацы компакт-дискмӕ бакӕсын дӕ нӕ фӕнды?
60. Ч.2. Канцелярские товары	2	групповая привязка осетинских клипов — сверить на слух	sound/0003.mp3	авторучка?	авторучкӕ?
60. Ч.2. Канцелярские товары	3	групповая привязка осетинских клипов — сверить на слух	sound/0006.mp3	карандаши?	кърандӕстӕ?
60. Ч.2. Канцелярские товары	4	групповая привязка осетинских клипов — сверить на слух	sound/0007.mp3	папка?	папкӕ?
60. Ч.3. Музыкальные инструменты	1	групповая привязка осетинских клипов — сверить на слух	sound/0002.mp3	У вас есть балалайка?	Балалайкӕ уӕм ис?
60. Ч.4. Мебель	1	групповая привязка осетинских клипов — сверить на слух	sound/0001.mp3	У вас есть…	Ис уӕм…
60. Ч.4. Мебель	2	групповая привязка осетинских клипов — сверить на слух	sound/0012.mp3	Диван стоит семь тысяч рублей.	Диван у авд мин сомы аргъ.
60. Ч.4. Мебель	3	групповая привязка осетинских клипов — сверить на слух	sound/0013.mp3	Кресло стоит пять тысяч рублей.	Кресло у фондз мин сомы аргъ.
61. Ч.1. Булочные изделия	1	групповая привязка осетинских клипов — сверить на слух	sound/0002.mp3	Дай мне, пожалуйста,…	Авӕр-ма мын, дӕ хорзӕхӕй,…
61. Ч.1. Булочные изделия	2	групповая привязка осетинских клипов — сверить на слух	sound/0005.mp3	печенье,	печен итӕ,
61. Ч.1. Булочные изделия	3	групповая привязка осетинских клипов — сверить на слух	sound/0006.mp3	белый хлеб,	ур с дзул.
61. Ч.1. Булочные изделия	4	групповая привязка осетинских клипов — сверить на слух	sound/0007.mp3	черный хлеб.	сау дзул.
61. Ч.1. Булочные изделия	6	групповая привязка осетинских клипов — сверить на слух	sound/0009.mp3	Мне надо…	Мӕн хъӕуы…
61. Ч.1. Булочные изделия	8	групповая привязка осетинских клипов — сверить на слух	sound/0012.mp3	полтора килограмма черного хлеба.	килограмм ӕмӕ ʼрдӕг сау дзул.
61. Ч.1. Булочные изделия	9	групповая привязка осетинских клипов — сверить на слух	sound/0013.mp3	буханку черного хлеба.	иу буханкӕ сау дзул.
61. Ч.1. Булочные изделия	10	групповая привязка осетинских клипов — сверить на слух	sound/0015.mp3	пачку печенья.	иу пачкӕ печен итӕ.
61. Ч.1. Булочные изделия	11	варианты в исходном PDF — сверить по Whisper/на слух	sound/0017.mp3	Завернуть их?	Батухон ҁӕ?
61. Ч.1. Булочные изделия	13	групповая привязка осетинских клипов — сверить на слух	sound/0019.mp3	Нет, спасибо, я их положу в сумку.	Нӕ хъӕуы, буз ныг, сум кӕйы ҁӕ нывӕр дзынӕн.
61. Ч.10. Фрукты	1	групповая привязка осетинских клипов — сверить на слух	sound/0001.mp3	Дай мне, пожалуйста, полкило…	Авӕр-ма мын, дӕ хорзӕхӕй, килойы ʼрдӕг…
61. Ч.10. Фрукты	2	групповая привязка осетинских клипов — сверить на слух	sound/0002.mp3	Дай мне, пожалуйста, полтора килограмма...	Авӕр-ма мын, дӕ хорзӕхӕй, кило ʼмӕ ӕрдӕг…
61. Ч.10. Фрукты	3	групповая привязка осетинских клипов — сверить на слух	sound/0007.mp3	груш.	кӕрдотӕ.
61. Ч.10. Фрукты	5	групповая привязка осетинских клипов — сверить на слух	sound/0012.mp3	Я люблю арбуз.	Ӕз уарзын харбыз.
61. Ч.2. Варенье, повидло, сахар	2	групповая привязка осетинских клипов — сверить на слух	sound/0005.mp3	клубничное варенье?	Ӕрыскъӕфы вареннӕ уӕм ис?
61. Ч.2. Варенье, повидло, сахар	3	групповая привязка осетинских клипов — сверить на слух	sound/0011.mp3	Дай мне один килограмм кускового сахара.	Авӕр-ма мын иу килограмм къӕрт сӕкӕр.
61. Ч.2. Варенье, повидло, сахар	4	групповая привязка осетинских клипов — сверить на слух	sound/0012.mp3	Дай мне пять килограмм кускового сахара.	Авӕр-ма мын фондз килограммы къӕрт сӕкӕр.
61. Ч.3. Вино, напитки	2	групповая привязка осетинских клипов — сверить на слух	sound/0004.mp3	Дай мне три бутылки шампанского.	Шампанскийы ӕртӕ авджы-ма мын авӕр.
61. Ч.3. Вино, напитки	5	групповая привязка осетинских клипов — сверить на слух	sound/0011.mp3	выпить минеральной воды.	минералон дон бануазын.
61. Ч.3. Вино, напитки	6	групповая привязка осетинских клипов — сверить на слух	sound/0012.mp3	Пойдем, я тебя угощу свежим осетинским пивом.	Цом, ӕз дӕ ногконд ирон бӕгӕныйӕ хорз фенон.
61. Ч.4. Мясо, колбасы	2	варианты в исходном PDF — сверить по Whisper/на слух; групповая привязка осетинских клипов — сверить на слух	sound/0002.mp3	Взвесь мне два килограмма говядины.	Дыууӕ килограммы-ма мын стуры фыд абар.
61. Ч.4. Мясо, колбасы	3	групповая привязка осетинских клипов — сверить на слух	sound/0003.mp3	Я шашлык больше люблю из баранины.	Ӕз фысы фыдӕй конд физонӕг фылдӕр уарзын.
61. Ч.4. Мясо, колбасы	4	групповая привязка осетинских клипов — сверить на слух	sound/0005.mp3	У вас есть колбаса?	Къалбас уӕм ис?
61. Ч.4. Мясо, колбасы	5	групповая привязка осетинских клипов — сверить на слух	sound/0006.mp3	Я бы хотел полкилограмма не очень жирной колбасы.	Мӕн хъӕуы, тынг нард чи нӕ уа, ахӕм къалбас килограммы ӕрдӕг.
61. Ч.4. Мясо, колбасы	6	групповая привязка осетинских клипов — сверить на слух	sound/0009.mp3	один килограмм сосисок.	Сосискӕты килограмм-ма мын авӕр.
61. Ч.5. Консервы	2	групповая привязка осетинских клипов — сверить на слух	sound/0002.mp3	У нас есть…	Махмӕ ис..
61. Ч.5. Консервы	3	групповая привязка осетинских клипов — сверить на слух	sound/0003.mp3	мясные консервы.	дзидзайы консервтӕ.
61. Ч.5. Консервы	4	групповая привязка осетинских клипов — сверить на слух	sound/0004.mp3	рыбные консервы.	кӕсаджы консервтӕ.
61. Ч.6. Конфеты	2	групповая привязка осетинских клипов — сверить на слух	sound/0002.mp3	У нас есть и шоколадные, и простые конфеты.	Махмӕ ис шоколад къафеттӕ дӕр, хуымӕтӕг къафеттӕ дӕр.
61. Ч.6. Конфеты	3	групповая привязка осетинских клипов — сверить на слух	sound/0003.mp3	Дай мне...	Авӕр-ма мын...
61. Ч.6. Конфеты	4	групповая привязка осетинских клипов — сверить на слух	sound/0004.mp3	коробку	иу къаробкӕ...
61. Ч.6. Конфеты	5	групповая привязка осетинских клипов — сверить на слух	sound/0005.mp3	двести граммов,	дыууӕс ӕдӕ граммы,
61. Ч.7. Крупа	2	групповая привязка осетинских клипов — сверить на слух	sound/0004.mp3	килограмм пшена.	килограмм еу уы кърупа.
61. Ч.8. Масло	2	групповая привязка осетинских клипов — сверить на слух	sound/0003.mp3	Дай мне пятьсот граммов…	Авӕр-ма мын фондзсӕдӕ граммы…
61. Ч.8. Масло	3	групповая привязка осетинских клипов — сверить на слух	sound/0005.mp3	шоколадного масла.	шоколад хӕццӕ нӕлхӕ.
61. Ч.9. Молоко, сметана, сыр	1	групповая привязка осетинских клипов — сверить на слух	sound/0001.mp3	61. Ч.9. Молоко,	сметана, сыр
61. Ч.9. Молоко, сметана, сыр	3	групповая привязка осетинских клипов — сверить на слух	sound/0005.mp3	У вас есть молоко в бутылках?	Ӕвгты конд ӕхсыр уӕм ис?
61. Ч.9. Молоко, сметана, сыр	4	групповая привязка осетинских клипов — сверить на слух	sound/0006.mp3	У вас есть сливки в бутылках?	Ӕвгты конд ӕхсырысӕртӕ уӕм ис?
61. Ч.9. Молоко, сметана, сыр	5	групповая привязка осетинских клипов — сверить на слух	sound/0008.mp3	У вас есть осетинский сыр?	Ирон цыхт уӕм ис?
62. Ч.1. Одежда	1	групповая привязка осетинских клипов — сверить на слух	sound/0001.mp3	62. Промышленные	товары. Ч.1. Одежда.
62. Ч.1. Одежда	2	групповая привязка осетинских клипов — сверить на слух	sound/0002.mp3	Дай мне…	Авӕр-ма мын…
62. Ч.1. Одежда	3	групповая привязка осетинских клипов — сверить на слух	sound/0003.mp3	Покажи мне…	Равдис-ма мӕм…
62. Ч.1. Одежда	4	групповая привязка осетинских клипов — сверить на слух	sound/0006.mp3	Какая красивая…	Цы рӕсугъд у…
62. Ч.1. Одежда	6	групповая привязка осетинских клипов — сверить на слух	sound/0011.mp3	По-моему, тебе больше подойдет коричневый костюм.	Мӕнмӕ гӕсгӕ дыл морӕ костюм хуыздӕр фидаудзӕн.
62. Ч.1. Одежда	7	групповая привязка осетинских клипов — сверить на слух	sound/0012.mp3	Можно примерить это пальто?	Ацы пальто мӕ уӕлӕ акӕнон?
62. Ч.1. Одежда	8	групповая привязка осетинских клипов — сверить на слух	sound/0013.mp3	Покажите мне вон…	Равдис-ма мӕм уартӕ…
62. Ч.1. Одежда	9	групповая привязка осетинских клипов — сверить на слух	sound/0018.mp3	Сколько стоят рабочие брюки?	Цӕй аргъ у кусӕн хӕлаф?
62. Ч.1. Одежда	10	групповая привязка осетинских клипов — сверить на слух	sound/0019.mp3	Сколько стоит шелковая сорочка?	Цӕй аргъ у зӕлдаг хӕдон?
62. Ч.2. Галантерея	1	групповая привязка осетинских клипов — сверить на слух	sound/0001.mp3	Дай мне две катушки черных ниток.	Дыууӕ къӕбӕлы-ма мын сау ӕндах авӕр.
62. Ч.2. Галантерея	2	групповая привязка осетинских клипов — сверить на слух	sound/0002.mp3	Дай мне три катушки белых ниток.	Ӕртӕ къӕбӕлы-ма мын ур с ӕндах авӕр.
62. Ч.2. Галантерея	3	групповая привязка осетинских клипов — сверить на слух	sound/0004.mp3	мужские носовые платки.	нӕлгоймаджы къухмӕрзӕнтӕ.
62. Ч.2. Галантерея	4	групповая привязка осетинских клипов — сверить на слух	sound/0007.mp3	маленькие пуговицы.	гыццыл цӕппӕртӕ.
62. Ч.2. Галантерея	5	варианты в исходном PDF — сверить по Whisper/на слух; групповая привязка осетинских клипов — сверить на слух	sound/0013.mp3	чулки посветлей.	фӕлур сдӕр цъындатӕ.
62. Ч.3. Обувь	1	групповая привязка осетинских клипов — сверить на слух	sound/0001.mp3	Нет ли у вас летней обуви?	Сӕрдыгон къахыдарӕс уӕм нӕй?
62. Ч.3. Обувь	3	групповая привязка осетинских клипов — сверить на слух	sound/0005.mp3	Нет ли у вас детской обуви?	Сывӕллоны къахыдарӕс уӕм нӕй?
62. Ч.3. Обувь	4	групповая привязка осетинских клипов — сверить на слух	sound/0006.mp3	Мне нужны…	Мӕн хъӕуы…
62. Ч.4. Ткани	2	групповая привязка осетинских клипов — сверить на слух	sound/0002.mp3	Я хочу ситец на летнее платье.	Мӕн хъӕуы джиппӕй фыст хъуымац сӕрдыгон къабайӕн.
63. Подарки	2	групповая привязка осетинских клипов — сверить на слух	sound/0004.mp3	для молодой женщины.	Ӕрыгон сылгоймагӕн-ма мын…
63. Подарки	3	групповая привязка осетинских клипов — сверить на слух	sound/0005.mp3	для пожилой женщины.	Ацӕргӕ сылгоймагӕн-ма мын…
63. Подарки	5	групповая привязка осетинских клипов — сверить на слух	sound/0008.mp3	Я хочу…	Мӕн фӕнды…
63. Хозяйственные товары	1	групповая привязка осетинских клипов — сверить на слух	sound/0001.mp3	63. Ч.1. Хозяйственные	товары
63. Хозяйственные товары	2	варианты в исходном PDF — сверить по Whisper/на слух; групповая привязка осетинских клипов — сверить на слух	sound/0002.mp3	У вас в городе есть хозяйственный магазин?	Уӕ гортӕты хӕдзарадон товарты дукани ис?
63. Хозяйственные товары	3	групповая привязка осетинских клипов — сверить на слух	sound/0008.mp3	купить пилу.	хырх балхӕнын.
63. Хозяйственные товары	4	групповая привязка осетинских клипов — сверить на слух	sound/0013.mp3	… из нержавеющей стали.	… згӕ чи нӕ кӕны, ахӕм ӕндонӕй.
64. Ч.1. Театр	1	групповая привязка осетинских клипов — сверить на слух	sound/0001.mp3	64. Зрелищные и	культурные учреждения
64. Ч.1. Театр	2	групповая привязка осетинских клипов — сверить на слух	sound/0003.mp3	Я приглашаю тебя в осетинский драматический театр.	Ӕз дӕ хонын ирон драмон театрмӕ.
64. Ч.1. Театр	3	групповая привязка осетинских клипов — сверить на слух	sound/0004.mp3	Я приглашаю вас в русский драматический театр.	Ӕз уӕ хонын уырыссаг драмон театрмӕ.
64. Ч.1. Театр	4	групповая привязка осетинских клипов — сверить на слух	sound/0007.mp3	в русском театре?	Абон уырыссаг театры цы цӕуы?
64. Ч.1. Театр	5	групповая привязка осетинских клипов — сверить на слух	sound/0008.mp3	в кукольном театре?	Абон кук латы театры цы цӕуы?
64. Ч.1. Театр	6	групповая привязка осетинских клипов — сверить на слух	sound/0009.mp3	в музыкальном театре?	Абон музыкалон театры цы цӕуы?
64. Ч.1. Театр	10	групповая привязка осетинских клипов — сверить на слух	sound/0013.mp3	Какие пьесы из русской драматургии поставил театр за последнее время?	Уырыссаг драматургийӕ цавӕр пьесӕтӕ сӕвӕрдта театр фӕстаг рӕстӕджы?
64. Ч.1. Театр	11	групповая привязка осетинских клипов — сверить на слух	sound/0014.mp3	Какие пьесы из зарубежной драматургии поставил театр за последнее время?	Фӕсарӕйнаг драматургийӕ цавӕр пьесӕтӕ сӕвӕрдта театр фӕстаг рӕстӕджы?
64. Ч.1. Театр	12	варианты в исходном PDF — сверить по Whisper/на слух; групповая привязка осетинских клипов — сверить на слух	sound/0015.mp3	Кто лучший осетинский драматург?	Чи у ирон хуыздӕр драматург?
64. Ч.10. Дирижер	1	варианты в исходном PDF — сверить по Whisper/на слух; групповая привязка осетинских клипов — сверить на слух	sound/0001.mp3	Кто дирижирует оркестром?	Оркестрӕн дирижерчиу?
64. Ч.10. Дирижер	2	варианты в исходном PDF — сверить по Whisper/на слух; групповая привязка осетинских клипов — сверить на слух	sound/0002.mp3	Кто дирижирует хором?	Хорӕн дирижерчиу?
64. Ч.11. Режиссер	1	варианты в исходном PDF — сверить по Whisper/на слух; групповая привязка осетинских клипов — сверить на слух	sound/0001.mp3	Кто режиссер театра?	Теа тры режиссер чи у?
64. Ч.11. Режиссер	2	варианты в исходном PDF — сверить по Whisper/на слух; групповая привязка осетинских клипов — сверить на слух	sound/0002.mp3	Кто режиссер спектакля?	Спек таклы режиссер чи у?
64. Ч.12. Искусство	1	групповая привязка осетинских клипов — сверить на слух	sound/0001.mp3	Я хочу познакомиться с искусством осетинского народа.	Мӕн фӕнды ирон адӕмы аивадимӕ базонгӕ уӕвын.
64. Ч.12. Искусство	2	групповая привязка осетинских клипов — сверить на слух	sound/0003.mp3	Покажи мне экспонаты искусства.	Фен ын-ма мын кӕн аивады экспонаттӕ.
64. Ч.12. Искусство	3	групповая привязка осетинских клипов — сверить на слух	sound/0004.mp3	Покажи нам экспонаты древнего искусства.	Фен ын-ма нын кӕн рагон аивады экспонаттӕ.
64. Ч.13. Архитектура	2	групповая привязка осетинских клипов — сверить на слух	sound/0002.mp3	Мне нравится архитектура этого здания.	Ацы хӕдзары архитектурӕ мӕ зӕрдӕмӕ цӕуы.
64. Ч.13. Архитектура	3	групповая привязка осетинских клипов — сверить на слух	sound/0003.mp3	Мне не нравится архитектура этого здания.	Ацы хӕдзары архитектурӕ мӕ зӕрдӕмӕ нӕ цӕуы.
64. Ч.14. Скульптура	2	групповая привязка осетинских клипов — сверить на слух	sound/0002.mp3	Кого ты более всего ценишь из современных осетинских скульпторов.	Кӕмӕн фылдӕр аргъ кӕныс нырыккон ирон скульптортӕй?
64. Ч.15. Живопись	1	варианты в исходном PDF — сверить по Whisper/на слух; групповая привязка осетинских клипов — сверить на слух	sound/0001.mp3	Где можно посмотреть произведения осетинской живописи?	Кӕм ис фенӕн ирон нывгӕнджыты уацмыстӕ?
64. Ч.15. Живопись	2	варианты в исходном PDF — сверить по Whisper/на слух	sound/0002.mp3	Кто автор этой картины?	Ацы нывы автор чи у?
64. Ч.15. Живопись	3	варианты в исходном PDF — сверить по Whisper/на слух; групповая привязка осетинских клипов — сверить на слух	sound/0004.mp3	Где можно приобрести репродукции картин осетинских авторов?	Кӕм ссардӕуа ирон авторты нывты репродукцитӕ?
64. Ч.15. Живопись	4	групповая привязка осетинских клипов — сверить на слух	sound/0005.mp3	Дай мне репродукции картин осетинских авторов.	Авӕр-ма мын ирон авторты нывты репродукцитӕ.
64. Ч.16. Художник	1	групповая привязка осетинских клипов — сверить на слух	sound/0001.mp3	Произведения какого художника тебе больше нравятся?	Дӕ зӕрдӕмӕ тынгдӕр кӕцы нывгӕнджыты куыстытӕ цӕуынц?
64. Ч.16. Художник	2	групповая привязка осетинских клипов — сверить на слух	sound/0002.mp3	Я хочу посмотреть картины народного художника Осетии	Мӕн фӕнды ирон адӕмон нывгӕнӕг
64. Ч.17. Кино	1	групповая привязка осетинских клипов — сверить на слух	sound/0001.mp3	Сегодня идет интересная кинокартина.	Абон хорз киноныв ӕвдисынц.
64. Ч.17. Кино	2	групповая привязка осетинских клипов — сверить на слух	sound/0002.mp3	Я приглашаю тебя в кино.	Киномӕ дӕ хонын ӕз.
64. Ч.17. Кино	3	групповая привязка осетинских клипов — сверить на слух	sound/0004.mp3	Я и билеты взял.	Билеттӕ дӕр райстон.
64. Ч.17. Кино	4	групповая привязка осетинских клипов — сверить на слух	sound/0005.mp3	Тебе понравилась кинокартина?	Дӕ зӕрдӕмӕ фӕцыдис киноныв?
64. Ч.18. Музей	1	варианты в исходном PDF — сверить по Whisper/на слух; групповая привязка осетинских клипов — сверить на слух	sound/0001.mp3	Какие у вас здесь музеи?	Цавӕр музейтӕ уӕм ис ам
64. Ч.18. Музей	2	групповая привязка осетинских клипов — сверить на слух	sound/0002.mp3	У нас есть...	Махмӕ ис…
64. Ч.18. Музей	3	групповая привязка осетинских клипов — сверить на слух	sound/0003.mp3	исторический музей.	историон музей
64. Ч.18. Музей	4	групповая привязка осетинских клипов — сверить на слух	sound/0004.mp3	музей краеведения.	бӕстӕз онӕн музей.
64. Ч.18. Музей	6	групповая привязка осетинских клипов — сверить на слух	sound/0010.mp3	А что это такое?	Мӕнӕ уый та цы у?
64. Ч.19. Выставка	2	групповая привязка осетинских клипов — сверить на слух	sound/0004.mp3	промышленную выставку.	промышленон равдыст.
64. Ч.19. Выставка	3	варианты в исходном PDF — сверить по Whisper/на слух; групповая привязка осетинских клипов — сверить на слух	sound/0005.mp3	Ты видел в Москве выставку современного искусства?	Мӕскуыйы нырыккон аивады равдыст фед тай?
64. Ч.2. Опера	1	варианты в исходном PDF — сверить по Whisper/на слух; групповая привязка осетинских клипов — сверить на слух	sound/0001.mp3	У вас есть национальная опера?	Сымахмӕ националон оперӕ ис?
64. Ч.2. Опера	4	групповая привязка осетинских клипов — сверить на слух	sound/0005.mp3	партию Ленского?	Ленскийы парти?
64. Ч.2. Опера	5	групповая привязка осетинских клипов — сверить на слух	sound/0008.mp3	Пойдем вечером на оперу.	Цом изӕры оперӕмӕ.
64. Ч.2. Опера	6	групповая привязка осетинских клипов — сверить на слух	sound/0009.mp3	Пойдемте завтра на оперу.	Цомут райсом оперӕмӕ.
64. Ч.20. Цирк	3	варианты в исходном PDF — сверить по Whisper/на слух; групповая привязка осетинских клипов — сверить на слух	sound/0003.mp3	Пойдем в цирк	Цом циркмӕ.
64. Ч.20. Цирк	7	групповая привязка осетинских клипов — сверить на слух	sound/0007.mp3	Понравились тебе осетинские джигиты?	Дӕ зӕрдӕмӕ фӕцыдысты ирон джигиттӕ?
64. Ч.20. Цирк	8	групповая привязка осетинских клипов — сверить на слух	sound/0008.mp3	Мне очень понравились осетинские джигиты.	Мӕнӕн тынг фӕцыдысты мӕ зӕрдӕмӕ ирон джигиттӕ.
64. Ч.21. Самодеятельность	1	групповая привязка осетинских клипов — сверить на слух	sound/0001.mp3	У вас имеются на фабрике кружки художественной самодеятельности?	Сымахмӕ фабрикӕйы хихъӕппӕрисады аивадон къордтӕ ис?
64. Ч.21. Самодеятельность	3	варианты в исходном PDF — сверить по Whisper/на слух	sound/0003.mp3	У нас имеется…	Махмӕ ис…
64. Ч.21. Самодеятельность	4	групповая привязка осетинских клипов — сверить на слух	sound/0005.mp3	хоровой кружок.	зарджыты къорд.
64. Ч.21. Самодеятельность	5	групповая привязка осетинских клипов — сверить на слух	sound/0007.mp3	У вас есть свой оркестр?	Сымахӕн уӕхимӕ ис оркестр?
64. Ч.21. Самодеятельность	7	групповая привязка осетинских клипов — сверить на слух	sound/0010.mp3	Когда у вас будет вечер танцев?	Кӕд уӕм уыдзӕни хъазтизӕр.
64. Ч.3. Балет	3	варианты в исходном PDF — сверить по Whisper/на слух; групповая привязка осетинских клипов — сверить на слух	sound/0003.mp3	Кто этот солист?	Чи у ацы солист?
64. Ч.3. Балет	4	варианты в исходном PDF — сверить по Whisper/на слух; групповая привязка осетинских клипов — сверить на слух	sound/0004.mp3	Кто эта балерина?	Чи у ацы балеринӕ?
64. Ч.3. Балет	5	групповая привязка осетинских клипов — сверить на слух	sound/0005.mp3	Кто танцует партию Джульетты?	Джульеттӕйы парти чи кафы?
64. Ч.3. Балет	6	групповая привязка осетинских клипов — сверить на слух	sound/0007.mp3	Неважно танцует.	Хорз нӕ кафы.
64. Ч.4. Ансамбль	2	групповая привязка осетинских клипов — сверить на слух	sound/0002.mp3	Я хочу посмотреть выступление осетинского ансамбля песни и танца.	Мӕн фӕнды ирон зарӕггӕнджыты ӕмӕ кафджыты ансамбльмӕ бакӕсын.
64. Ч.4. Ансамбль	4	варианты в исходном PDF — сверить по Whisper/на слух; групповая привязка осетинских клипов — сверить на слух	sound/0004.mp3	Концерт вашего ансамбля я видел в Москве.	Уӕ ансамблы концерт уын ӕз фед тон Мӕскуыйы.
64. Ч.6. Артист	3	варианты в исходном PDF — сверить по Whisper/на слух; групповая привязка осетинских клипов — сверить на слух	sound/0003.mp3	Кто у вас народный артист России? талантливый актер. талантливая актриса.	Уӕрӕсейы адӕмон артист уӕм чи у? Кур диатджын артист у. Кур диатджын артисткӕ у.
64. Ч.7. Акт	2	групповая привязка осетинских клипов — сверить на слух	sound/0002.mp3	Первый акт кончился?	Фыццаг акт фӕцис?
64. Ч.7. Акт	3	групповая привязка осетинских клипов — сверить на слух	sound/0003.mp3	Который акт кончился?	Кӕцы акт фӕцис?
64. Ч.8. Антракт	2	групповая привязка осетинских клипов — сверить на слух	sound/0003.mp3	зайдем в буфет.	бауайдзыстӕм буф етмӕ.
64. Ч.8. Антракт	3	групповая привязка осетинских клипов — сверить на слух	sound/0004.mp3	выпьем воды.	дон баназдзыстӕм.
64. Ч.8. Антракт	4	групповая привязка осетинских клипов — сверить на слух	sound/0005.mp3	выйдем на улицу.	уынгмӕ акӕсдзыстӕм.
64. Ч.8. Антракт	5	групповая привязка осетинских клипов — сверить на слух	sound/0006.mp3	Прозвенел третий звонок, идем занимать свои места.	Ӕртыккаг дзӕнгӕрӕг ныццагъта, цом нӕ бынӕттӕ ӕрцахсӕм.
64. Ч.9. Программа	1	групповая привязка осетинских клипов — сверить на слух	sound/0001.mp3	Какая программа вечера?	Цавӕр программӕ ис изӕрӕн?
64. Ч.9. Программа	2	групповая привязка осетинских клипов — сверить на слух	sound/0002.mp3	Какая программа концерта?	Цавӕр программӕ ис концертӕн?
65. Ч.1. Образование	2	групповая привязка осетинских клипов — сверить на слух	sound/0003.mp3	Какое у тебя образование?	Цас ахуыргонд дӕм ис?
65. Ч.1. Образование	3	групповая привязка осетинских клипов — сверить на слух	sound/0004.mp3	Какое у него образование?	Цас ахуыргонд ӕм ис?
65. Ч.1. Образование	4	групповая привязка осетинских клипов — сверить на слух	sound/0005.mp3	Какое специальное образование имеешь?	Цавӕр сӕрмагонд ахуыргонддзинад дӕм ис?
65. Ч.1. Образование	5	групповая привязка осетинских клипов — сверить на слух	sound/0006.mp3	Какое специальное образование имеет?	Цавӕр сӕрмагонд ахуыргонддзинад ӕм ис?
65. Ч.1. Образование	6	групповая привязка осетинских клипов — сверить на слух	sound/0007.mp3	Какое ты учебное заведение окончил?	Цавӕр скола каст фӕдӕ?
65. Ч.1. Образование	7	групповая привязка осетинских клипов — сверить на слух	sound/0008.mp3	Какое он учебное заведение окончил?	Цавӕр скола каст фӕци?
65. Ч.10. Лекция	2	групповая привязка осетинских клипов — сверить на слух	sound/0002.mp3	У нас сегодня три лекции.	Абон махмӕ ис ӕртӕ лекцийы.
65. Ч.10. Лекция	3	групповая привязка осетинских клипов — сверить на слух	sound/0003.mp3	У нас сегодня четыре лекции.	Абон махмӕ ис цыппар лекцийы.
65. Ч.10. Лекция	4	групповая привязка осетинских клипов — сверить на слух	sound/0008.mp3	по русскому языку?	уырыссаг ӕвзагӕй?
65. Ч.10. Лекция	5	групповая привязка осетинских клипов — сверить на слух	sound/0009.mp3	по английскому языку?	нем ыцаг ӕвзагӕй.
65. Ч.10. Лекция	6	групповая привязка осетинских клипов — сверить на слух	sound/0010.mp3	по истории?	историйӕ?
65. Ч.11. Аудитория	1	варианты в исходном PDF — сверить по Whisper/на слух	sound/0001.mp3	В какой аудитории будет лекция?	Кӕцы аудиторийы уыдзӕнис лекци?
65. Ч.11. Аудитория	2	варианты в исходном PDF — сверить по Whisper/на слух; групповая привязка осетинских клипов — сверить на слух	sound/0002.mp3	Сколько здесь учебных аудиторий?	Цал ахуыргӕнӕн аудиторийы ис ам?
65. Ч.11. Аудитория	3	групповая привязка осетинских клипов — сверить на слух	sound/0003.mp3	На сколько мест рассчитана эта аудитория?	Цал адӕймаджы бынат дзы ис ацы аудиторийы?
65. Ч.11. Аудитория	5	групповая привязка осетинских клипов — сверить на слух	sound/0006.mp3	Сейчас у нас там будет лекция.	Ныртӕккӕ нӕм уым уыдзӕни лекци.
65. Ч.12. Общежитие	1	групповая привязка осетинских клипов — сверить на слух	sound/0001.mp3	Ты в общежитии живешь?	Ды ӕмдзӕрӕны цӕрыс?
65. Ч.12. Общежитие	3	варианты в исходном PDF — сверить по Whisper/на слух; групповая привязка осетинских клипов — сверить на слух	sound/0003.mp3	Мне хочется посмотреть ваше общежитие.	Мӕн фӕнды уе ʼмдзӕрӕн фенын.
65. Ч.12. Общежитие	4	групповая привязка осетинских клипов — сверить на слух	sound/0004.mp3	Сколько человек живет…	Цал адӕймаджы цӕры…
65. Ч.12. Общежитие	5	групповая привязка осетинских клипов — сверить на слух	sound/0005.mp3	в общежитии?	ӕмдзӕрӕны?
65. Ч.13. Интернат	1	групповая привязка осетинских клипов — сверить на слух	sound/0001.mp3	Когда был организован ваш интернат?	Кӕд арӕзт ӕрцыд уӕ интернат?
65. Ч.13. Интернат	2	групповая привязка осетинских клипов — сверить на слух	sound/0005.mp3	у вас в районе?	Уӕ районы бирӕ интернаттӕ ис?
65. Ч.13. Интернат	3	групповая привязка осетинских клипов — сверить на слух	sound/0007.mp3	Какие условия имеют дети…	Цавӕр фадӕттӕ ис сывӕллӕтӕн
65. Ч.13. Интернат	4	групповая привязка осетинских клипов — сверить на слух	sound/0008.mp3	для учебы в интернате?	интернаты ахуыр кӕынынӕн?
65. Ч.14. Преподаватель	1	групповая привязка осетинских клипов — сверить на слух	sound/0001.mp3	Я преподаватель….	Ӕз дӕн…
65. Ч.14. Преподаватель	2	групповая привязка осетинских клипов — сверить на слух	sound/0002.mp3	русского языка.	уырыссаг ӕвзаджы ахуыргӕнӕг.
65. Ч.14. Преподаватель	3	групповая привязка осетинских клипов — сверить на слух	sound/0003.mp3	немецкого языка.	нем ыцаг ӕвзаджы ахуыргӕнӕг.
65. Ч.14. Преподаватель	5	групповая привязка осетинских клипов — сверить на слух	sound/0006.mp3	Я хочу видеть преподавателей школы.	Мӕн фӕнды фенын скъолайы ахуыргӕнджыты.
65. Ч.14. Преподаватель	6	групповая привязка осетинских клипов — сверить на слух	sound/0010.mp3	немецкого языка.	нем ыцаг ӕвзаджы ахуыргӕнӕгимӕ.
65. Ч.15. Школа	3	групповая привязка осетинских клипов — сверить на слух	sound/0003.mp3	С какого класса изучают у вас иностранный язык?	Кӕцы къласӕй фӕстӕмӕ уӕм ахуыр кӕнынц фӕсарӕйнаг ӕвзаг?
65. Ч.15. Школа	4	групповая привязка осетинских клипов — сверить на слух	sound/0004.mp3	Какой иностранный язык изучают у вас в школе?	Цавӕр фӕсарӕйнаг ӕвзаг ахуыр кӕнынц уе скъолайы?
65. Ч.15. Школа	5	групповая привязка осетинских клипов — сверить на слух	sound/0005.mp3	Я изучаю…	Ӕз ахуыр кӕнын…
65. Ч.15. Школа	6	групповая привязка осетинских клипов — сверить на слух	sound/0006.mp3	Мы изучаем…	Мах ахуыр кӕнӕм…
65. Ч.15. Школа	7	групповая привязка осетинских клипов — сверить на слух	sound/0007.mp3	немецкий язык.	нем ыцаг ӕвзаг.
65. Ч.15. Школа	8	групповая привязка осетинских клипов — сверить на слух	sound/0010.mp3	Есть ли в вашем селе вечерняя школа?	Уӕ хъӕуы изӕрон скъола ис?
65. Ч.16. Класс	3	варианты в исходном PDF — сверить по Whisper/на слух; групповая привязка осетинских клипов — сверить на слух	sound/0003.mp3	Я хочу хотим посмотреть ваши классы.	Мӕн фӕнды уӕ кълӕстӕ фенын.
65. Ч.17. Программа, план	1	групповая привязка осетинских клипов — сверить на слух	sound/0001.mp3	65. Ч.17. Программа,	план
65. Ч.17. Программа, план	2	групповая привязка осетинских клипов — сверить на слух	sound/0007.mp3	программой по истории.	историйы программӕимӕ.
65. Ч.17. Программа, план	3	варианты в исходном PDF — сверить по Whisper/на слух; групповая привязка осетинских клипов — сверить на слух	sound/0009.mp3	планом воспитательной работы школы.	скъолайы хъомыладон куысты пъланимӕ.
65. Ч.17. Программа, план	4	групповая привязка осетинских клипов — сверить на слух	sound/0010.mp3	планом воспитательной работы класса.	къласы куысты пъланимӕ.
65. Ч.17. Программа, план	5	групповая привязка осетинских клипов — сверить на слух	sound/0013.mp3	У нас другая программа.	Махмӕ ӕндӕр программӕ ис.
65. Ч.17. Программа, план	6	групповая привязка осетинских клипов — сверить на слух	sound/0014.mp3	У нас другой план.	Махмӕ ӕндӕр план ис.
65. Ч.18. Ученик	1	групповая привязка осетинских клипов — сверить на слух	sound/0001.mp3	Как проводят летние каникулы ученики вашей школы?	Уе скъолайы ахуыргӕнинӕгтӕ сӕрды каникултӕ куыд ӕрвитынц?
65. Ч.18. Ученик	2	групповая привязка осетинских клипов — сверить на слух	sound/0002.mp3	Сколько учеников у вас учатся…	Цал скъоладзауы уӕм ахуыр кӕны…
65. Ч.18. Ученик	3	групповая привязка осетинских клипов — сверить на слух	sound/0003.mp3	на «хорошо»?	хорз?
65. Ч.18. Ученик	4	групповая привязка осетинских клипов — сверить на слух	sound/0004.mp3	на «отлично»?	тынг хорз?
65. Ч.18. Ученик	6	групповая привязка осетинских клипов — сверить на слух	sound/0009.mp3	Это мой бывший ученик.	Уый мӕ раздӕры ахуыргӕнинаг у.
65. Ч.18. Ученик	7	групповая привязка осетинских клипов — сверить на слух	sound/0010.mp3	Я горжусь им.	Ӕз дзы сӕрыстыр дӕн.
65. Ч.19. Урок	3	варианты в исходном PDF — сверить по Whisper/на слух; групповая привязка осетинских клипов — сверить на слух	sound/0003.mp3	Я хотел бы зайти…	Мӕн фӕнды бацӕуын…
65. Ч.19. Урок	4	групповая привязка осетинских клипов — сверить на слух	sound/0004.mp3	на урок осетинского языка.	ирон ӕвзаджы урокмӕ.
65. Ч.19. Урок	5	групповая привязка осетинских клипов — сверить на слух	sound/0009.mp3	на урок физики.	физикӕйы урокмӕ.
65. Ч.19. Урок	7	групповая привязка осетинских клипов — сверить на слух	sound/0012.mp3	Тогда отдохни.	Уӕд баулӕф.
65. Ч.2. Ученый	2	групповая привязка осетинских клипов — сверить на слух	sound/0014.mp3	технических наук.	Ӕз дӕн тех никон наукӕты кандидат.
65. Ч.2. Ученый	3	групповая привязка осетинских клипов — сверить на слух	sound/0019.mp3	Сколько у вас в университете докторов наук?	Уӕ ун иверситеты цал наукӕты докторы ис?
65. Ч.20. Разговор с родителями	2	групповая привязка осетинских клипов — сверить на слух	sound/0015.mp3	Есть у вас семилетние дети, которые не ходят в школу?	Скъоламӕ чи нӕ цӕуы, ахӕм авдаздзыд сывӕлӕттӕ уӕм ис?
65. Ч.20. Разговор с родителями	3	групповая привязка осетинских клипов — сверить на слух	sound/0016.mp3	Есть у вас восемнадцатилетние дети, которые не ходят в школу?	Скъоламӕ чи нӕ цӕуы, ахӕм ӕстдӕсаздзыд сывӕлӕттӕ уӕм ис?
65. Ч.20. Разговор с родителями	4	групповая привязка осетинских клипов — сверить на слух	sound/0017.mp3	Почему ваш сын, ваша дочь не ходят в школу?	Уӕ лӕппу, уӕ чызг цӕуылнӕ цӕуынц скъоламӕ?
65. Ч.20. Разговор с родителями	5	варианты в исходном PDF — сверить по Whisper/на слух; групповая привязка осетинских клипов — сверить на слух	sound/0018.mp3	Ваш сын плохо ведет себя в школе.	Уӕ лӕппу йӕхи ӕвзӕр дары скъолайы.
65. Ч.20. Разговор с родителями	6	варианты в исходном PDF — сверить по Whisper/на слух; групповая привязка осетинских клипов — сверить на слух	sound/0019.mp3	Почему ваш сын не готовится к урокам?	Цӕуылнӕ цӕттӕ кӕны уӕ лӕппу йӕхиур октӕм?
65. Ч.20. Разговор с родителями	7	варианты в исходном PDF — сверить по Whisper/на слух; групповая привязка осетинских клипов — сверить на слух	sound/0020.mp3	Ваш сын не занимается и плохо ведет себя.	Уӕ лӕппу нӕ ахуыр кӕны, стӕй ӕвзӕр дары йӕхи.
65. Ч.20. Разговор с родителями	8	групповая привязка осетинских клипов — сверить на слух	sound/0021.mp3	Зайдите в школу к директору поговорить.	Скъоламӕ-ма ӕрбацу директормӕ аныхас кӕнынмӕ.
65. Ч.20. Разговор с родителями	9	варианты в исходном PDF — сверить по Whisper/на слух; групповая привязка осетинских клипов — сверить на слух	sound/0022.mp3	Не слишком ли много отнимаете времени у вашего сына домашними работами?	Уӕ лӕппуйӕн ӕгӕр бирӕ рӕстӕг нӕ хардз кӕнын кӕнут хӕдзары куыстытыл?
65. Ч.20. Разговор с родителями	10	групповая привязка осетинских клипов — сверить на слух	sound/0023.mp3	Ему надо подтянуться.	Йӕ ахуыр ӕй фӕхуыздӕр кӕнын хъӕуы.
65. Ч.20. Разговор с родителями	11	групповая привязка осетинских клипов — сверить на слух	sound/0024.mp3	Почему ваш сын, ваша дочь больше не ходят в школу?	Уӕ фырт, уӕ чызг цӕуылнӕ уал цӕуынц скъоламӕ?
65. Ч.20. Разговор с родителями	12	варианты в исходном PDF — сверить по Whisper/на слух; групповая привязка осетинских клипов — сверить на слух	sound/0025.mp3	Ваш сын хорошо занимается. Я им доволен.	Уӕ лӕппу хорз ахуыр кӕны. Ӕз дзы разы дӕн.
65. Ч.20. Разговор с родителями	13	групповая привязка осетинских клипов — сверить на слух	sound/0026.mp3	Как здоровье вашего сына?	Уӕ лӕппуйы ӕнӕниздзинад куыд у?
65. Ч.21. Экзамен, зачет, конкурс	1	групповая привязка осетинских клипов — сверить на слух	sound/0001.mp3	65. Ч.21. Экзамен,	зачет, конкурс
65. Ч.21. Экзамен, зачет, конкурс	2	групповая привязка осетинских клипов — сверить на слух	sound/0004.mp3	Какие у вас экзамены?	Цавӕр экзаментӕ уӕм ис?
65. Ч.21. Экзамен, зачет, конкурс	3	групповая привязка осетинских клипов — сверить на слух	sound/0009.mp3	Кто на «отлично» сдает все экзамены?	Тынг хорз чи дӕтты ӕппӕт экзаментӕ дӕр?
65. Ч.21. Экзамен, зачет, конкурс	4	групповая привязка осетинских клипов — сверить на слух	sound/0010.mp3	Поздравляю тебя с успешной сдачей экзамена.	Арфӕ дын кӕнын, экзамен хорз кӕй радтай, уый тыххӕй.
65. Ч.21. Экзамен, зачет, конкурс	6	групповая привязка осетинских клипов — сверить на слух	sound/0017.mp3	большой конкурс.	стыр конкурс ис.
65. Ч.21. Экзамен, зачет, конкурс	7	групповая привязка осетинских клипов — сверить на слух	sound/0018.mp3	небольшой конкурс.	гыццыл конкурс ис.
65. Ч.22. Каникулы	1	групповая привязка осетинских клипов — сверить на слух	sound/0001.mp3	Когда у вас начнутся каникулы?	Кӕд уӕм райдайдзысты каникултӕ?
65. Ч.22. Каникулы	2	групповая привязка осетинских клипов — сверить на слух	sound/0002.mp3	Сколько времени будут ваши каникулы?	Цас уыдызсты уӕ каникултӕ?
65. Ч.22. Каникулы	3	групповая привязка осетинских клипов — сверить на слух	sound/0003.mp3	Где ты проводишь каникулы?	Кӕм ӕр витыс дӕ каникултӕ?
65. Ч.22. Каникулы	4	групповая привязка осетинских клипов — сверить на слух	sound/0004.mp3	Как ты думаешь провести каникулы?	Куыд авитынмӕ хъавыс дӕ каникултӕ?
65. Ч.22. Каникулы	5	варианты в исходном PDF — сверить по Whisper/на слух; групповая привязка осетинских клипов — сверить на слух	sound/0005.mp3	Я во время каникул поеду в Москву.	Ӕз каникулты рӕстӕджы ацӕудзынӕн Мӕскуымӕ.
65. Ч.23. Детский сад	1	групповая привязка осетинских клипов — сверить на слух	sound/0001.mp3	65. Ч.23. Детский	сад
65. Ч.23. Детский сад	2	групповая привязка осетинских клипов — сверить на слух	sound/0002.mp3	У вас есть детский сад?	Сывӕлллӕты цӕхӕрадон уӕм ис?
65. Ч.23. Детский сад	5	групповая привязка осетинских клипов — сверить на слух	sound/0006.mp3	Вы очень внимательны к нашим детям.	Сымах тынг зӕрдиагӕй кӕсут нӕ сывӕллӕттӕм.
65. Ч.23. Детский сад	6	групповая привязка осетинских клипов — сверить на слух	sound/0007.mp3	Вы не очень внимательны к нашим детям.	Сымах тынг зӕрдиагӕй нӕ кӕсут нӕ сывӕллттӕм.
65. Ч.24. Курсы	1	варианты в исходном PDF — сверить по Whisper/на слух; групповая привязка осетинских клипов — сверить на слух	sound/0001.mp3	Есть ли при вашем институте подготовительные курсы?	Уӕ институты экзаментӕм цӕттӕгӕнӕн курсытӕ ис?
65. Ч.24. Курсы	2	групповая привязка осетинских клипов — сверить на слух	sound/0006.mp3	Я учусь…	Ӕз ахуыр кӕнын…
65. Ч.24. Курсы	3	групповая привязка осетинских клипов — сверить на слух	sound/0007.mp3	на курсах по подготовке офисных работников.	офисты кусджытӕ цӕттӕгӕнӕн курсыты.
65. Ч.24. Курсы	4	групповая привязка осетинских клипов — сверить на слух	sound/0008.mp3	на курсах по подготовке операторов персональных компьютеров.	персоналон компьютерты оператортӕ цӕттӕгӕнӕн курсыты.
65. Ч.25. Библиотека	4	групповая привязка осетинских клипов — сверить на слух	sound/0004.mp3	Можно у вас получить книгу на неделю?	Къуырийы ӕмгъуыдмӕ уӕм ис чиныг райсӕн?
65. Ч.25. Библиотека	5	групповая привязка осетинских клипов — сверить на слух	sound/0005.mp3	Можно у вас получить книгу на две недели?	Дыууӕ къуырийы ӕмгъуыдмӕ уӕм ис чиныг райсӕн?
65. Ч.25. Библиотека	6	групповая привязка осетинских клипов — сверить на слух	sound/0006.mp3	Мне нужно произведение Пушкина «Евгений Онегин».	Мӕн хъӕуы Пуш кины уацмыс «Евгений Онегин».
65. Ч.26. Читальня	2	групповая привязка осетинских клипов — сверить на слух	sound/0002.mp3	В какие часы работает читальный зал?	Кӕцы сахӕтты фӕкусы кӕсӕн зал?
65. Ч.26. Читальня	3	групповая привязка осетинских клипов — сверить на слух	sound/0003.mp3	Дай мне подшивку газеты «Растдзинад» за этот год.	Газет «Рӕстдзинад»-ы ацы азы подшивкӕ-ма мын авӕр.
65. Ч.26. Читальня	4	групповая привязка осетинских клипов — сверить на слух	sound/0004.mp3	Дай мне подшивку журнала «Мах Дуг» за прошлый год.	Журнал «Мах дуджы» фароны подшивкӕ-ма мын авӕр.
65. Ч.4. Факультет	1	групповая привязка осетинских клипов — сверить на слух	sound/0001.mp3	Какие факультеты есть…	Цавӕр факультеттӕ ис…
65. Ч.4. Факультет	2	групповая привязка осетинских клипов — сверить на слух	sound/0002.mp3	в вашем педагогическом институте?	уӕ пед агогон институты?
65. Ч.4. Факультет	3	групповая привязка осетинских клипов — сверить на слух	sound/0009.mp3	… геологический факультет?	… геологион факультет ис?
65. Ч.4. Факультет	4	групповая привязка осетинских клипов — сверить на слух	sound/0012.mp3	естественно-географический факультет.	ӕрдзон-географион факультетмӕ.
65. Ч.5. Кафедра	2	групповая привязка осетинских клипов — сверить на слух	sound/0002.mp3	Я работаю…	Ӕз кусын…
65. Ч.5. Кафедра	3	групповая привязка осетинских клипов — сверить на слух	sound/0003.mp3	на кафедре русского языка.	уырыссаг ӕвзаджы кафедрӕйы.
65. Ч.5. Кафедра	4	групповая привязка осетинских клипов — сверить на слух	sound/0006.mp3	Какие кафедры имеются у вас в институте?	Цавӕр кафедрӕтӕ ис уӕ институты?
65. Ч.5. Кафедра	5	варианты в исходном PDF — сверить по Whisper/на слух; групповая привязка осетинских клипов — сверить на слух	sound/0007.mp3	Я хочу хотим познакомиться с работами кафедры осетинского языка и литературы.	Мӕн фӕнды базонгӕ уӕвын ирон ӕвзаг ӕмӕ литератур ӕйы кафедрӕйы куыстытимӕ.
65. Ч.6. Студент	1	групповая привязка осетинских клипов — сверить на слух	sound/0001.mp3	Сколько студентов…	Цал студенты ис…
65. Ч.6. Студент	2	групповая привязка осетинских клипов — сверить на слух	sound/0002.mp3	в вашем институте?	уӕ институты?
65. Ч.6. Студент	3	групповая привязка осетинских клипов — сверить на слух	sound/0011.mp3	университета.	ун иверситеьы студент.
65. Ч.6. Студент	4	варианты в исходном PDF — сверить по Whisper/на слух	sound/0013.mp3	До чего хороша студенческая жизнь!	Цӕй хорз у студен ты цард!
65. Ч.7. Стипендия	2	групповая привязка осетинских клипов — сверить на слух	sound/0002.mp3	Я получаю стипендию.	Ӕз исын стипенди.
65. Ч.7. Стипендия	3	групповая привязка осетинских клипов — сверить на слух	sound/0003.mp3	Я не получаю стипендию.	Ӕз нӕ исын стипенди.
65. Ч.7. Стипендия	6	групповая привязка осетинских клипов — сверить на слух	sound/0007.mp3	Кто у вас получает повышенную стипендию?	Чи уӕм исы уӕлдӕргонд стиенди?
65. Ч.7. Стипендия	7	групповая привязка осетинских клипов — сверить на слух	sound/0008.mp3	Я получаю персональную стипендию.	Ӕз исын персоналон стипенди.
65. Ч.8. Курс	1	групповая привязка осетинских клипов — сверить на слух	sound/0001.mp3	На каком ты курсе?	Кӕцы курс дӕ?
65. Ч.8. Курс	2	групповая привязка осетинских клипов — сверить на слух	sound/0002.mp3	На каком вы курсе?	Кӕцы курсы стут?
65. Ч.8. Курс	3	групповая привязка осетинских клипов — сверить на слух	sound/0009.mp3	Сколько групп…	Цал къорды ис…
65. Ч.8. Курс	4	групповая привязка осетинских клипов — сверить на слух	sound/0010.mp3	на первом курсе…	уӕ факультеты фыццӕгӕм курсы?
65. Ч.8. Курс	5	групповая привязка осетинских клипов — сверить на слух	sound/0011.mp3	на втором курсе…	уӕ факультеты дыккаг курсы?
65. Ч.8. Курс	6	групповая привязка осетинских клипов — сверить на слух	sound/0016.mp3	Я учусь на первом курсе.	Ӕз ахуыр кӕнын фыццӕгӕм курсы.
65. Ч.9. Лектор	1	групповая привязка осетинских клипов — сверить на слух	sound/0001.mp3	Как фамилия лектора?	Лек торы мыггаг кӕмӕй у?
65_Ч_3_Институт,_университет,_техникум,_колледж	1	групповая привязка осетинских клипов — сверить на слух	sound/0001.mp3	65. Ч.3. Институт, университет,	техникум, колледж.
65_Ч_3_Институт,_университет,_техникум,_колледж	3	групповая привязка осетинских клипов — сверить на слух	sound/0006.mp3	Где находится…?	Кӕцы ран и…?
65_Ч_3_Институт,_университет,_техникум,_колледж	4	групповая привязка осетинских клипов — сверить на слух	sound/0007.mp3	Я хочу посмотреть…	Мӕн фӕнды фенын…
65_Ч_3_Институт,_университет,_техникум,_колледж	5	групповая привязка осетинских клипов — сверить на слух	sound/0008.mp3	государственный университет.	паддзахадон университет.
65_Ч_3_Институт,_университет,_техникум,_колледж	8	групповая привязка осетинских клипов — сверить на слух	sound/0011.mp3	институт гуманитарных и социальных исследований.	гуманитарон ӕмӕ социалон иртасынӕдты институт.
65_Ч_3_Институт,_университет,_техникум,_колледж	9	групповая привязка осетинских клипов — сверить на слух	sound/0012.mp3	колледж электроники.	электроникӕйы колледж.
65_Ч_3_Институт,_университет,_техникум,_колледж	10	групповая привязка осетинских клипов — сверить на слух	sound/0013.mp3	финансово-экономический колледж.	финансон-экономикон колледж.
65_Ч_3_Институт,_университет,_техникум,_колледж	12	групповая привязка осетинских клипов — сверить на слух	sound/0015.mp3	Я хочу поступить в...	Мӕн фӕнды бацӕуын…
65_Ч_3_Институт,_университет,_техникум,_колледж	13	групповая привязка осетинских клипов — сверить на слух	sound/0016.mp3	педагогический институт.	педагогон ннститутмӕ.
65_Ч_3_Институт,_университет,_техникум,_колледж	14	групповая привязка осетинских клипов — сверить на слух	sound/0018.mp3	торгово-экономический техникум.	базарадон-экономикон техникуммӕ.
65_Ч_3_Институт,_университет,_техникум,_колледж	15	групповая привязка осетинских клипов — сверить на слух	sound/0019.mp3	Какие предметы надо сдавать…	Цавӕр предметтӕ дӕттын хъӕуы…
65_Ч_3_Институт,_университет,_техникум,_колледж	16	групповая привязка осетинских клипов — сверить на слух	sound/0020.mp3	в ваш институт?	сымах институтмӕ?
66. Ч.1. Аптека. Лекарства	1	групповая привязка осетинских клипов — сверить на слух	sound/0001.mp3	66. МЕДИЦИНСКОЕ Ч.1. Аптека,	ОБСЛУЖИВАНИЕ лекарство
66. Ч.1. Аптека. Лекарства	3	групповая привязка осетинских клипов — сверить на слух	sound/0011.mp3	вата.	бӕмбӕг
66. Ч.1. Аптека. Лекарства	4	групповая привязка осетинских клипов — сверить на слух	sound/0012.mp3	термометр.	тӕвдбарӕн.
66. Ч.1. Аптека. Лекарства	5	варианты в исходном PDF — сверить по Whisper/на слух; групповая привязка осетинских клипов — сверить на слух	sound/0013.mp3	Как принимать то лекарство?	Куыд нуазгӕ у уыцы хос хос?
66. Ч.1. Аптека. Лекарства	6	групповая привязка осетинских клипов — сверить на слух	sound/0015.mp3	по одному порошку.	иугай порошокгай.
66. Ч.1. Аптека. Лекарства	7	групповая привязка осетинских клипов — сверить на слух	sound/0016.mp3	по десять капель.	дӕсгай ӕртахгай.
66. Ч.1. Аптека. Лекарства	8	групповая привязка осетинских клипов — сверить на слух	sound/0017.mp3	перед едой.	хӕрды размӕ.
66. Ч.1. Аптека. Лекарства	9	групповая привязка осетинских клипов — сверить на слух	sound/0018.mp3	после еды.	хӕрды фӕстӕ.
66. Ч.1. Аптека. Лекарства	10	групповая привязка осетинских клипов — сверить на слух	sound/0019.mp3	по одной чайной ложке.	иугай цайцымӕн уидыгӕй.
66. Ч.2. Болезнь	1	групповая привязка осетинских клипов — сверить на слух	sound/0001.mp3	Я болен.	Ӕз рынчын дӕн.
66. Ч.2. Болезнь	2	варианты в исходном PDF — сверить по Whisper/на слух; групповая привязка осетинских клипов — сверить на слух	sound/0002.mp3	Он болен.	Уый рынчын у.
66. Ч.2. Болезнь	3	групповая привязка осетинских клипов — сверить на слух	sound/0003.mp3	Я уже несколько дней себя плохо чувствую.	Ӕз ныр цалдӕр боны мӕ чемы нӕ дӕн.
66. Ч.2. Болезнь	4	групповая привязка осетинских клипов — сверить на слух	sound/0004.mp3	Он уже несколько дней себя плохо чувствует.	Уый ныр цалдӕр боны йӕ чемы нӕй.
66. Ч.2. Болезнь	5	групповая привязка осетинских клипов — сверить на слух	sound/0005.mp3	Меня знобит, поднялась температура.	Ихӕнриз кӕнын, тӕвд кӕнын райдыдтон.
66. Ч.2. Болезнь	7	групповая привязка осетинских клипов — сверить на слух	sound/0013.mp3	позвоночник.	Мӕ астӕуыстӕг риссы.
66. Ч.2. Болезнь	8	групповая привязка осетинских клипов — сверить на слух	sound/0014.mp3	У меня болят глаза.	Мӕ цӕстытӕ рисссынц.
66. Ч.2. Болезнь	9	групповая привязка осетинских клипов — сверить на слух	sound/0015.mp3	У него болят глаза.	Цӕ цӕстытӕ риссынц.
66. Ч.2. Болезнь	10	групповая привязка осетинских клипов — сверить на слух	sound/0016.mp3	Меня тошнит.	Мӕ зӕрдӕ хӕццӕ кӕны.
66. Ч.2. Болезнь	14	групповая привязка осетинских клипов — сверить на слух	sound/0021.mp3	Дыши. Не дыши.	Ул ӕф. Ма ул ӕф.
66. Ч.2. Болезнь	15	групповая привязка осетинских клипов — сверить на слух	sound/0022.mp3	Приляг.	Ӕрхуысс-ма.
66. Ч.2. Болезнь	17	варианты в исходном PDF — сверить по Whisper/на слух; групповая привязка осетинских клипов — сверить на слух	sound/0027.mp3	Голова не болит?	Дӕ сӕр нӕ риссы?
66. Ч.2. Болезнь	19	групповая привязка осетинских клипов — сверить на слух	sound/0029.mp3	Не болел ли ты раньше…	Раздӕр никуы садтӕ…
66. Ч.2. Болезнь	20	групповая привязка осетинских клипов — сверить на слух	sound/0030.mp3	туберкулезом?	туберкулёзӕй?
66. Ч.2. Болезнь	21	групповая привязка осетинских клипов — сверить на слух	sound/0033.mp3	малярией?	тӕфсӕгӕй?
66. Ч.2. Болезнь	22	групповая привязка осетинских клипов — сверить на слух	sound/0035.mp3	Тебе нужно сделать компресс.	Компресс дын скӕнын хъӕуы.
66. Ч.2. Болезнь	23	групповая привязка осетинских клипов — сверить на слух	sound/0036.mp3	Ему нужно сделать укол.	Уколы ын скӕнын хъӕуы.
66. Ч.2. Болезнь	26	групповая привязка осетинских клипов — сверить на слух	sound/0040.mp3	Тебе необходима операция.	Операци дын скӕнын хъӕуы ӕнӕмӕнг.
66. Ч.2. Болезнь	27	групповая привязка осетинских клипов — сверить на слух	sound/0042.mp3	Ничего серьезного у тебя нет.	Тӕссагӕй дӕм ницы ис.
66. Ч.2. Болезнь	28	групповая привязка осетинских клипов — сверить на слух	sound/0043.mp3	Ничего серьезного у него нет.	Тӕссагӕй йӕм ницы ис.
66. Ч.3. Больница	1	варианты в исходном PDF — сверить по Whisper/на слух; групповая привязка осетинских клипов — сверить на слух	sound/0001.mp3	Срочно тебя надо отвезти в больницу.	Ӕвӕстиатӕй дӕ рынчындонмӕ аласын хъӕуы.
66. Ч.3. Больница	2	варианты в исходном PDF — сверить по Whisper/на слух; групповая привязка осетинских клипов — сверить на слух	sound/0002.mp3	Пока тебя нельзя выписать из больницы.	Нырмадӕ рынчындонӕй рафыссӕн нӕмаис.
66. Ч.3. Больница	3	варианты в исходном PDF — сверить по Whisper/на слух	sound/0003.mp3	Тебе в больнице лучше будет.	Рынчындоны дын хуыздӕр уыдзӕн.
66. Ч.3. Больница	4	варианты в исходном PDF — сверить по Whisper/на слух; групповая привязка осетинских клипов — сверить на слух	sound/0004.mp3	Скоро тебя выпишем из больницы.	Таргъд дӕ рафысдзыстӕм рынчындонӕй.
66. Ч.3. Больница	5	групповая привязка осетинских клипов — сверить на слух	sound/0005.mp3	В больнице карантин, посетителей не принимаем.	Рынчындоны карантин и, рынчынфӕрсджты мидӕмӕ нӕ уадзӕм.
66. Ч.4. Врач	1	варианты в исходном PDF — сверить по Whisper/на слух	sound/0001.mp3	Вызовите, пожалуйста, врача.	Дохтыр-ма ӕрбакӕ, дӕ хорзӕхӕй.
66. Ч.4. Врач	4	групповая привязка осетинских клипов — сверить на слух	sound/0004.mp3	Я бы хотел показаться…	Мӕн фӕнды мӕхи фенын кӕнын…
66. Ч.4. Врач	5	групповая привязка осетинских клипов — сверить на слух	sound/0005.mp3	терапевту.	терапев тӕн,
66. Ч.4. Врач	6	групповая привязка осетинских клипов — сверить на слух	sound/0006.mp3	хирургу,	хирур гӕн,
